net1_stringdb_3702	net2_stringdb_9606_hubalign	net2_stringdb_9606_spinal	net2_stringdb_9606_pinalog	net2_stringdb_9606_alignet	net2_stringdb_9606_l-graal
3702.AT1G01260.1	9606.ENSP00000416387	9606.ENSP00000358501			9606.ENSP00000354580
3702.AT1G01360.1	9606.ENSP00000303540	9606.ENSP00000386770		9606.ENSP00000396505	9606.ENSP00000366974
3702.AT1G01440.1	9606.ENSP00000312066				9606.ENSP00000316032
3702.AT1G01970.1	9606.ENSP00000346440	9606.ENSP00000408146		9606.ENSP00000309259	9606.ENSP00000345344
3702.AT1G02680.1	9606.ENSP00000307265	9606.ENSP00000283875		9606.ENSP00000259895	9606.ENSP00000332139
3702.AT1G02690.2	9606.ENSP00000254436	9606.ENSP00000332455		9606.ENSP00000364289	9606.ENSP00000310129
3702.AT1G02840.1	9606.ENSP00000303830	9606.ENSP00000244520	9606.ENSP00000244520	9606.ENSP00000342374	9606.ENSP00000364731
3702.AT1G02970.1	9606.ENSP00000347858	9606.ENSP00000398131	9606.ENSP00000351049	9606.ENSP00000275493	9606.ENSP00000308938
3702.AT1G03040.1	9606.ENSP00000300952				9606.ENSP00000245544
3702.AT1G03130.1	9606.ENSP00000347948				9606.ENSP00000362082
3702.AT1G03190.1	9606.ENSP00000375809	9606.ENSP00000375809	9606.ENSP00000375809	9606.ENSP00000334008	9606.ENSP00000330343
3702.AT1G03430.1	9606.ENSP00000398177	9606.ENSP00000379712		9606.ENSP00000273221	9606.ENSP00000230354
3702.AT1G03630.1	9606.ENSP00000309503				9606.ENSP00000363318
3702.AT1G03680.1	9606.ENSP00000312455	9606.ENSP00000358022		9606.ENSP00000350075	9606.ENSP00000216373
3702.AT1G04100.1	9606.ENSP00000327025	9606.ENSP00000216160			9606.ENSP00000435096
3702.AT1G04240.1	9606.ENSP00000286063	9606.ENSP00000343027		9606.ENSP00000348838	9606.ENSP00000346050
3702.AT1G04250.1	9606.ENSP00000254066	9606.ENSP00000347858			9606.ENSP00000196551
3702.AT1G04340.1	9606.ENSP00000251849				9606.ENSP00000226730
3702.AT1G04510.1	9606.ENSP00000363313	9606.ENSP00000363313		9606.ENSP00000240139	9606.ENSP00000296581
3702.AT1G04550.2	9606.ENSP00000342538	9606.ENSP00000348632			9606.ENSP00000470004
3702.AT1G04810.1	9606.ENSP00000381992	9606.ENSP00000309474	9606.ENSP00000259457	9606.ENSP00000350708	9606.ENSP00000155840
3702.AT1G04950.1	9606.ENSP00000301407	9606.ENSP00000312735			
3702.AT1G05510.1	9606.ENSP00000313967				9606.ENSP00000248342
3702.AT1G05805.1	9606.ENSP00000273853	9606.ENSP00000307078		9606.ENSP00000371532	9606.ENSP00000373167
3702.AT1G06220.1	9606.ENSP00000216361	9606.ENSP00000268206	9606.ENSP00000268206	9606.ENSP00000368752	9606.ENSP00000244520
3702.AT1G06590.1	9606.ENSP00000310071	9606.ENSP00000261819	9606.ENSP00000261819	9606.ENSP00000272317	9606.ENSP00000341082
3702.AT1G06680.1	9606.ENSP00000246868	9606.ENSP00000381008			9606.ENSP00000263816
3702.AT1G07350.1	9606.ENSP00000343535	9606.ENSP00000303712		9606.ENSP00000243563	9606.ENSP00000265077
3702.AT1G07360.1	9606.ENSP00000329507	9606.ENSP00000412566	9606.ENSP00000215956	9606.ENSP00000332979	9606.ENSP00000215956
3702.AT1G07370.1	9606.ENSP00000368438	9606.ENSP00000368438		9606.ENSP00000368438	9606.ENSP00000416387
3702.AT1G07430.1	9606.ENSP00000328968	9606.ENSP00000334448		9606.ENSP00000263212	9606.ENSP00000367034
3702.AT1G07440.1	9606.ENSP00000303525		9606.ENSP00000363794		9606.ENSP00000274255
3702.AT1G07450.1	9606.ENSP00000253727				9606.ENSP00000378699
3702.AT1G07500.1	9606.ENSP00000256652	9606.ENSP00000230056			9606.ENSP00000376397
3702.AT1G07890.1	9606.ENSP00000402595	9606.ENSP00000361310		9606.ENSP00000351697	9606.ENSP00000262407
3702.AT1G08005.1	9606.ENSP00000294800	9606.ENSP00000366244			9606.ENSP00000310572
3702.AT1G08480.1	9606.ENSP00000314976				9606.ENSP00000314214
3702.AT1G08780.1	9606.ENSP00000371475	9606.ENSP00000408979		9606.ENSP00000307078	9606.ENSP00000357823
3702.AT1G09140.1	9606.ENSP00000372105	9606.ENSP00000343463		9606.ENSP00000244520	9606.ENSP00000336829
3702.AT1G09180.1	9606.ENSP00000217402	9606.ENSP00000264710		9606.ENSP00000296257	9606.ENSP00000206249
3702.AT1G09270.1	9606.ENSP00000304447	9606.ENSP00000343701	9606.ENSP00000343701	9606.ENSP00000332455	9606.ENSP00000261601
3702.AT1G09430.1	9606.ENSP00000224237	9606.ENSP00000283109		9606.ENSP00000354086	
3702.AT1G09770.1	9606.ENSP00000269601	9606.ENSP00000269601	9606.ENSP00000469468	9606.ENSP00000339992	9606.ENSP00000302160
3702.AT1G10230.1	9606.ENSP00000299218	9606.ENSP00000430684		9606.ENSP00000312397	
3702.AT1G10390.1	9606.ENSP00000349560	9606.ENSP00000371155		9606.ENSP00000364912	9606.ENSP00000363322
3702.AT1G10470.1	9606.ENSP00000259605	9606.ENSP00000349305			9606.ENSP00000301788
3702.AT1G10580.1	9606.ENSP00000215956	9606.ENSP00000318944	9606.ENSP00000342374	9606.ENSP00000411012	9606.ENSP00000342374
3702.AT1G10690.1	9606.ENSP00000377370	9606.ENSP00000236957	9606.ENSP00000364289	9606.ENSP00000303887	9606.ENSP00000272198
3702.AT1G10940.2	9606.ENSP00000339299	9606.ENSP00000270861	9606.ENSP00000256996	9606.ENSP00000349467	9606.ENSP00000344504
3702.AT1G11400.1	9606.ENSP00000227618	9606.ENSP00000287598	9606.ENSP00000287598	9606.ENSP00000348632	9606.ENSP00000357097
3702.AT1G11430.1	9606.ENSP00000308925	9606.ENSP00000314458			9606.ENSP00000298852
3702.AT1G11650.2	9606.ENSP00000364912	9606.ENSP00000261396			9606.ENSP00000260731
3702.AT1G12480.1	9606.ENSP00000265132	9606.ENSP00000254691			9606.ENSP00000375736
3702.AT1G12650.1	9606.ENSP00000354782	9606.ENSP00000309831			9606.ENSP00000386239
3702.AT1G12920.1	9606.ENSP00000353741	9606.ENSP00000353741	9606.ENSP00000353741	9606.ENSP00000353741	9606.ENSP00000377298
3702.AT1G13120.1	9606.ENSP00000350049	9606.ENSP00000282841		9606.ENSP00000265465	9606.ENSP00000434614
3702.AT1G13630.1	9606.ENSP00000315152	9606.ENSP00000248070			9606.ENSP00000261303
3702.AT1G13730.1	9606.ENSP00000252602				9606.ENSP00000381823
3702.AT1G14340.1	9606.ENSP00000328133				9606.ENSP00000254976
3702.AT1G14620.1	9606.ENSP00000272198	9606.ENSP00000312311	9606.ENSP00000312311	9606.ENSP00000312311	
3702.AT1G14685.1	9606.ENSP00000338130	9606.ENSP00000356602			9606.ENSP00000301037
3702.AT1G14687.1	9606.ENSP00000364289				9606.ENSP00000354558
3702.AT1G14810.1	9606.ENSP00000376397	9606.ENSP00000358622			9606.ENSP00000420384
3702.AT1G14830.1	9606.ENSP00000253794	9606.ENSP00000343742		9606.ENSP00000343742	9606.ENSP00000296585
3702.AT1G14850.1	9606.ENSP00000406579	9606.ENSP00000251074		9606.ENSP00000338413	9606.ENSP00000229758
3702.AT1G14920.1	9606.ENSP00000263734				9606.ENSP00000217169
3702.AT1G15050.1	9606.ENSP00000419692	9606.ENSP00000246747			9606.ENSP00000251453
3702.AT1G15200.3	9606.ENSP00000284878	9606.ENSP00000385328		9606.ENSP00000370256	9606.ENSP00000472998
3702.AT1G15570.1	9606.ENSP00000341189	9606.ENSP00000258428	9606.ENSP00000261254	9606.ENSP00000266376	9606.ENSP00000262017
3702.AT1G15580.1	9606.ENSP00000320940	9606.ENSP00000216330			9606.ENSP00000311028
3702.AT1G15670.1	9606.ENSP00000299421				9606.ENSP00000339027
3702.AT1G15750.1	9606.ENSP00000454657	9606.ENSP00000281708	9606.ENSP00000448165	9606.ENSP00000448165	
3702.AT1G16240.1	9606.ENSP00000279281	9606.ENSP00000279281		9606.ENSP00000279281	9606.ENSP00000418960
3702.AT1G16330.1	9606.ENSP00000362082	9606.ENSP00000262643			9606.ENSP00000351777
3702.AT1G16610.3	9606.ENSP00000360992	9606.ENSP00000326806		9606.ENSP00000308533	9606.ENSP00000298527
3702.AT1G16890.3	9606.ENSP00000316176	9606.ENSP00000316176	9606.ENSP00000316176	9606.ENSP00000316176	9606.ENSP00000333994
3702.AT1G17180.1	9606.ENSP00000282841				9606.ENSP00000254122
3702.AT1G17190.1	9606.ENSP00000338413				9606.ENSP00000301407
3702.AT1G17380.1	9606.ENSP00000248342	9606.ENSP00000312664		9606.ENSP00000329312	9606.ENSP00000308717
3702.AT1G17440.1	9606.ENSP00000310933	9606.ENSP00000272645		9606.ENSP00000230354	9606.ENSP00000245907
3702.AT1G17550.1	9606.ENSP00000263212	9606.ENSP00000258418		9606.ENSP00000248948	9606.ENSP00000324074
3702.AT1G17760.1	9606.ENSP00000256442	9606.ENSP00000258123		9606.ENSP00000378699	9606.ENSP00000341351
3702.AT1G17980.1	9606.ENSP00000252951	9606.ENSP00000329507			9606.ENSP00000376765
3702.AT1G18040.1	9606.ENSP00000445162	9606.ENSP00000215832	9606.ENSP00000389338	9606.ENSP00000332816	9606.ENSP00000376176
3702.AT1G19050.1	9606.ENSP00000269439			9606.ENSP00000272102	9606.ENSP00000283875
3702.AT1G19180.1	9606.ENSP00000003084	9606.ENSP00000238561			9606.ENSP00000252602
3702.AT1G19220.1	9606.ENSP00000269571	9606.ENSP00000341351			9606.ENSP00000353741
3702.AT1G19520.1	9606.ENSP00000288139	9606.ENSP00000349275			9606.ENSP00000229829
3702.AT1G19850.1	9606.ENSP00000346839	9606.ENSP00000338160			9606.ENSP00000357555
3702.AT1G20000.1	9606.ENSP00000254122	9606.ENSP00000452454		9606.ENSP00000415032	
3702.AT1G20140.1	9606.ENSP00000448035	9606.ENSP00000284811			9606.ENSP00000377486
3702.AT1G20200.1	9606.ENSP00000264639	9606.ENSP00000264639	9606.ENSP00000264639	9606.ENSP00000268717	9606.ENSP00000260386
3702.AT1G20440.1	9606.ENSP00000268206	9606.ENSP00000313350		9606.ENSP00000364801	9606.ENSP00000313350
3702.AT1G20550.1	9606.ENSP00000351497	9606.ENSP00000324897			9606.ENSP00000044462
3702.AT1G20610.1	9606.ENSP00000266376	9606.ENSP00000377783		9606.ENSP00000339086	9606.ENSP00000363976
3702.AT1G20770.1	9606.ENSP00000450832				9606.ENSP00000367721
3702.AT1G20930.1	9606.ENSP00000357879	9606.ENSP00000257904	9606.ENSP00000257904	9606.ENSP00000361423	9606.ENSP00000228307
3702.AT1G20960.1	9606.ENSP00000317123	9606.ENSP00000317123	9606.ENSP00000317123	9606.ENSP00000378323	9606.ENSP00000317123
3702.AT1G21440.1	9606.ENSP00000005226				9606.ENSP00000262031
3702.AT1G23730.1	9606.ENSP00000005260				9606.ENSP00000270139
3702.AT1G23860.1	9606.ENSP00000349252	9606.ENSP00000308533		9606.ENSP00000304350	9606.ENSP00000356671
3702.AT1G24310.1	9606.ENSP00000264883	9606.ENSP00000264883	9606.ENSP00000264883	9606.ENSP00000368349	9606.ENSP00000287598
3702.AT1G24764.1	9606.ENSP00000356243				9606.ENSP00000382779
3702.AT1G26960.1	9606.ENSP00000326806				9606.ENSP00000380313
3702.AT1G27320.1	9606.ENSP00000311032				9606.ENSP00000221859
3702.AT1G27450.3	9606.ENSP00000250495				9606.ENSP00000371475
3702.AT1G27630.1	9606.ENSP00000261900	9606.ENSP00000428982	9606.ENSP00000261900	9606.ENSP00000261900	9606.ENSP00000261900
3702.AT1G27720.1	9606.ENSP00000356399	9606.ENSP00000359531		9606.ENSP00000272645	9606.ENSP00000416561
3702.AT1G28490.1	9606.ENSP00000258301	9606.ENSP00000258301	9606.ENSP00000258301	9606.ENSP00000258301	9606.ENSP00000259008
3702.AT1G29150.1	9606.ENSP00000261712	9606.ENSP00000261712	9606.ENSP00000261712	9606.ENSP00000261712	9606.ENSP00000265239
3702.AT1G29220.2	9606.ENSP00000222005	9606.ENSP00000353078			9606.ENSP00000274376
3702.AT1G29680.1	9606.ENSP00000363768				9606.ENSP00000220849
3702.AT1G30135.1	9606.ENSP00000358866	9606.ENSP00000269571			9606.ENSP00000323065
3702.AT1G30330.2	9606.ENSP00000303208	9606.ENSP00000274376			9606.ENSP00000230050
3702.AT1G30380.1	9606.ENSP00000262464				9606.ENSP00000209728
3702.AT1G30460.1	9606.ENSP00000274255	9606.ENSP00000272317		9606.ENSP00000311083	9606.ENSP00000301764
3702.AT1G31050.1	9606.ENSP00000424870				9606.ENSP00000312122
3702.AT1G31760.1	9606.ENSP00000349393	9606.ENSP00000282344			9606.ENSP00000342215
3702.AT1G32310.1	9606.ENSP00000296509	9606.ENSP00000301019	9606.ENSP00000229758	9606.ENSP00000346987	9606.ENSP00000365817
3702.AT1G32490.1	9606.ENSP00000272348	9606.ENSP00000215956	9606.ENSP00000412566	9606.ENSP00000370989	9606.ENSP00000412566
3702.AT1G32640.1	9606.ENSP00000262017	9606.ENSP00000271452		9606.ENSP00000311032	9606.ENSP00000312311
3702.AT1G32750.1	9606.ENSP00000352295	9606.ENSP00000276072	9606.ENSP00000379372	9606.ENSP00000312709	9606.ENSP00000441691
3702.AT1G33410.1	9606.ENSP00000367721	9606.ENSP00000367721	9606.ENSP00000367721	9606.ENSP00000369257	9606.ENSP00000261819
3702.AT1G34170.3	9606.ENSP00000304592	9606.ENSP00000308541			
3702.AT1G34210.1	9606.ENSP00000275815	9606.ENSP00000351209	9606.ENSP00000269571	9606.ENSP00000310933	9606.ENSP00000260197
3702.AT1G34310.1	9606.ENSP00000308548	9606.ENSP00000222304			9606.ENSP00000262919
3702.AT1G34390.1	9606.ENSP00000447149	9606.ENSP00000361850		9606.ENSP00000362824	9606.ENSP00000351310
3702.AT1G35240.1	9606.ENSP00000265171	9606.ENSP00000223642			9606.ENSP00000398131
3702.AT1G35540.1	9606.ENSP00000341390	9606.ENSP00000203001			
3702.AT1G35670.1	9606.ENSP00000303887	9606.ENSP00000339740	9606.ENSP00000339740	9606.ENSP00000396320	9606.ENSP00000336868
3702.AT1G36160.1	9606.ENSP00000248566	9606.ENSP00000320885		9606.ENSP00000251849	9606.ENSP00000284981
3702.AT1G43700.1	9606.ENSP00000351280	9606.ENSP00000275815		9606.ENSP00000373404	
3702.AT1G44110.1	9606.ENSP00000262643	9606.ENSP00000261254		9606.ENSP00000261254	9606.ENSP00000352358
3702.AT1G44900.1	9606.ENSP00000265056	9606.ENSP00000265056	9606.ENSP00000265056	9606.ENSP00000265056	9606.ENSP00000376808
3702.AT1G45000.1	9606.ENSP00000401802	9606.ENSP00000401802	9606.ENSP00000401802	9606.ENSP00000356602	9606.ENSP00000222304
3702.AT1G45249.3	9606.ENSP00000348068	9606.ENSP00000328968		9606.ENSP00000378306	9606.ENSP00000303408
3702.AT1G45332.1	9606.ENSP00000222390	9606.ENSP00000222390		9606.ENSP00000222390	9606.ENSP00000267430
3702.AT1G47220.1	9606.ENSP00000316681	9606.ENSP00000227507	9606.ENSP00000262643	9606.ENSP00000265085	9606.ENSP00000386029
3702.AT1G47230.2	9606.ENSP00000384416	9606.ENSP00000345412	9606.ENSP00000362082	9606.ENSP00000274026	9606.ENSP00000279477
3702.AT1G47260.1	9606.ENSP00000267430	9606.ENSP00000306866			9606.ENSP00000254227
3702.AT1G48280.1	9606.ENSP00000328359				9606.ENSP00000263681
3702.AT1G48500.1	9606.ENSP00000336829	9606.ENSP00000357097			9606.ENSP00000338389
3702.AT1G48920.1	9606.ENSP00000262031	9606.ENSP00000353660		9606.ENSP00000368190	9606.ENSP00000251775
3702.AT1G49620.1	9606.ENSP00000315997	9606.ENSP00000345895		9606.ENSP00000402914	9606.ENSP00000403609
3702.AT1G49720.2	9606.ENSP00000308720	9606.ENSP00000378323	9606.ENSP00000349467	9606.ENSP00000339740	9606.ENSP00000342886
3702.AT1G50030.1	9606.ENSP00000356946	9606.ENSP00000263967	9606.ENSP00000354558	9606.ENSP00000263967	9606.ENSP00000157812
3702.AT1G50300.1	9606.ENSP00000294635	9606.ENSP00000254108	9606.ENSP00000254108	9606.ENSP00000307850	9606.ENSP00000274353
3702.AT1G51600.1	9606.ENSP00000357130				9606.ENSP00000356429
3702.AT1G51950.1	9606.ENSP00000262735	9606.ENSP00000217169			9606.ENSP00000339095
3702.AT1G52220.1	9606.ENSP00000349823				9606.ENSP00000255476
3702.AT1G52230.1	9606.ENSP00000333919				9606.ENSP00000222005
3702.AT1G52340.1	9606.ENSP00000341674				9606.ENSP00000251595
3702.AT1G52360.2	9606.ENSP00000351446	9606.ENSP00000380460	9606.ENSP00000265038	9606.ENSP00000424417	9606.ENSP00000356641
3702.AT1G52380.1	9606.ENSP00000431254	9606.ENSP00000338814		9606.ENSP00000431254	9606.ENSP00000295901
3702.AT1G52730.1	9606.ENSP00000448165	9606.ENSP00000448165	9606.ENSP00000367869	9606.ENSP00000380313	9606.ENSP00000448165
3702.AT1G52830.1	9606.ENSP00000363822	9606.ENSP00000436786			9606.ENSP00000368927
3702.AT1G53750.1	9606.ENSP00000238497	9606.ENSP00000238497	9606.ENSP00000455744	9606.ENSP00000320885	9606.ENSP00000297494
3702.AT1G53780.2	9606.ENSP00000306614	9606.ENSP00000351777	9606.ENSP00000225426	9606.ENSP00000157812	9606.ENSP00000327251
3702.AT1G53850.1	9606.ENSP00000397181	9606.ENSP00000359910	9606.ENSP00000359910	9606.ENSP00000271308	9606.ENSP00000350785
3702.AT1G54140.1	9606.ENSP00000349954	9606.ENSP00000215587		9606.ENSP00000348168	9606.ENSP00000294635
3702.AT1G54360.2	9606.ENSP00000358595	9606.ENSP00000415032		9606.ENSP00000274400	9606.ENSP00000356024
3702.AT1G54830.1	9606.ENSP00000011292	9606.ENSP00000307850	9606.ENSP00000307850		9606.ENSP00000269228
3702.AT1G55190.1	9606.ENSP00000256186	9606.ENSP00000303351			9606.ENSP00000395465
3702.AT1G55300.2	9606.ENSP00000350333	9606.ENSP00000312709	9606.ENSP00000312709	9606.ENSP00000452454	9606.ENSP00000350719
3702.AT1G55310.3	9606.ENSP00000303712	9606.ENSP00000339299	9606.ENSP00000372124	9606.ENSP00000363313	9606.ENSP00000215727
3702.AT1G55520.1	9606.ENSP00000359685	9606.ENSP00000230354	9606.ENSP00000230354	9606.ENSP00000375809	
3702.AT1G55750.1	9606.ENSP00000219252	9606.ENSP00000418960	9606.ENSP00000215587	9606.ENSP00000299421	9606.ENSP00000296257
3702.AT1G55820.1	9606.ENSP00000374372	9606.ENSP00000376965		9606.ENSP00000216330	
3702.AT1G55890.1	9606.ENSP00000355325	9606.ENSP00000409007		9606.ENSP00000370930	9606.ENSP00000311032
3702.AT1G56110.1	9606.ENSP00000355944	9606.ENSP00000260731		9606.ENSP00000373277	9606.ENSP00000286063
3702.AT1G56330.1	9606.ENSP00000272102	9606.ENSP00000355651	9606.ENSP00000246747	9606.ENSP00000359740	9606.ENSP00000231509
3702.AT1G56420.1	9606.ENSP00000339027	9606.ENSP00000263816		9606.ENSP00000364802	9606.ENSP00000381008
3702.AT1G56450.1	9606.ENSP00000290541	9606.ENSP00000290541	9606.ENSP00000290541	9606.ENSP00000262193	9606.ENSP00000352834
3702.AT1G56540.1	9606.ENSP00000346001	9606.ENSP00000247207		9606.ENSP00000316032	
3702.AT1G57720.1	9606.ENSP00000331901	9606.ENSP00000331901	9606.ENSP00000331901	9606.ENSP00000363516	9606.ENSP00000261023
3702.AT1G58290.1	9606.ENSP00000360689				9606.ENSP00000383690
3702.AT1G59660.1	9606.ENSP00000316032	9606.ENSP00000316032	9606.ENSP00000316032	9606.ENSP00000377083	9606.ENSP00000378529
3702.AT1G59750.1	9606.ENSP00000384330	9606.ENSP00000410818			9606.ENSP00000307265
3702.AT1G59940.1	9606.ENSP00000358327	9606.ENSP00000254584			9606.ENSP00000403852
3702.AT1G60650.1	9606.ENSP00000372124	9606.ENSP00000372124		9606.ENSP00000472998	9606.ENSP00000306099
3702.AT1G60940.1	9606.ENSP00000155840	9606.ENSP00000303887	9606.ENSP00000356070	9606.ENSP00000343764	9606.ENSP00000356070
3702.AT1G61010.1	9606.ENSP00000260102	9606.ENSP00000362649		9606.ENSP00000347834	
3702.AT1G61520.1	9606.ENSP00000356694				9606.ENSP00000262643
3702.AT1G61690.1	9606.ENSP00000348632	9606.ENSP00000295888	9606.ENSP00000295888		9606.ENSP00000252575
3702.AT1G62990.1	9606.ENSP00000358894				9606.ENSP00000398495
3702.AT1G64070.1	9606.ENSP00000346022	9606.ENSP00000231449		9606.ENSP00000342262	
3702.AT1G64350.1	9606.ENSP00000363559	9606.ENSP00000382779	9606.ENSP00000382779	9606.ENSP00000382779	
3702.AT1G64520.1	9606.ENSP00000334840	9606.ENSP00000225426	9606.ENSP00000215071		9606.ENSP00000356545
3702.AT1G65000.1	9606.ENSP00000324842				9606.ENSP00000363019
3702.AT1G65020.1	9606.ENSP00000302564	9606.ENSP00000261597		9606.ENSP00000322791	9606.ENSP00000360498
3702.AT1G66340.1	9606.ENSP00000258743				
3702.AT1G66350.1	9606.ENSP00000326550				9606.ENSP00000259605
3702.AT1G66500.1	9606.ENSP00000471505	9606.ENSP00000333633		9606.ENSP00000471505	9606.ENSP00000355114
3702.AT1G66750.1	9606.ENSP00000403852	9606.ENSP00000229794	9606.ENSP00000219252	9606.ENSP00000341189	9606.ENSP00000405965
3702.AT1G66820.1	9606.ENSP00000395465				9606.ENSP00000450635
3702.AT1G67090.1	9606.ENSP00000243213				9606.ENSP00000256389
3702.AT1G67170.1	9606.ENSP00000264474				9606.ENSP00000218388
3702.AT1G67710.1	9606.ENSP00000295704				9606.ENSP00000367406
3702.AT1G67860.1	9606.ENSP00000364956	9606.ENSP00000230449			
3702.AT1G67865.1	9606.ENSP00000455510	9606.ENSP00000260197		9606.ENSP00000306866	9606.ENSP00000267953
3702.AT1G68765.1	9606.ENSP00000356057	9606.ENSP00000334008	9606.ENSP00000431254	9606.ENSP00000262919	9606.ENSP00000284957
3702.AT1G69400.1	9606.ENSP00000269305	9606.ENSP00000402914	9606.ENSP00000351446	9606.ENSP00000259818	9606.ENSP00000264995
3702.AT1G70700.1	9606.ENSP00000456711	9606.ENSP00000264072			9606.ENSP00000354086
3702.AT1G70830.1	9606.ENSP00000259457	9606.ENSP00000283635			9606.ENSP00000300093
3702.AT1G71380.1	9606.ENSP00000268389	9606.ENSP00000263382			9606.ENSP00000357153
3702.AT1G71480.1	9606.ENSP00000264710	9606.ENSP00000367766		9606.ENSP00000246548	9606.ENSP00000325120
3702.AT1G71800.1	9606.ENSP00000431040	9606.ENSP00000309845		9606.ENSP00000364976	9606.ENSP00000336799
3702.AT1G71830.1	9606.ENSP00000400175	9606.ENSP00000328777	9606.ENSP00000303830	9606.ENSP00000329507	9606.ENSP00000262477
3702.AT1G71950.1	9606.ENSP00000374399				9606.ENSP00000170630
3702.AT1G72450.1	9606.ENSP00000416892	9606.ENSP00000358327		9606.ENSP00000358327	9606.ENSP00000308275
3702.AT1G72610.1	9606.ENSP00000362690	9606.ENSP00000251775			9606.ENSP00000315017
3702.AT1G72770.1	9606.ENSP00000378306	9606.ENSP00000349467		9606.ENSP00000376765	9606.ENSP00000353624
3702.AT1G73000.1	9606.ENSP00000339740	9606.ENSP00000364114		9606.ENSP00000356545	9606.ENSP00000274764
3702.AT1G73080.1	9606.ENSP00000220751	9606.ENSP00000178640	9606.ENSP00000351209	9606.ENSP00000220751	9606.ENSP00000178640
3702.AT1G73960.1	9606.ENSP00000367406	9606.ENSP00000367406	9606.ENSP00000367406	9606.ENSP00000367406	
3702.AT1G74890.1	9606.ENSP00000373730				9606.ENSP00000220659
3702.AT1G74910.1	9606.ENSP00000383690				9606.ENSP00000229251
3702.AT1G74950.1	9606.ENSP00000429931	9606.ENSP00000264414		9606.ENSP00000300093	9606.ENSP00000253099
3702.AT1G75340.1	9606.ENSP00000428603	9606.ENSP00000342262		9606.ENSP00000350491	9606.ENSP00000348554
3702.AT1G75630.2	9606.ENSP00000369312				9606.ENSP00000349252
3702.AT1G75950.1	9606.ENSP00000231487	9606.ENSP00000312397	9606.ENSP00000231487		9606.ENSP00000258383
3702.AT1G75990.1	9606.ENSP00000268717	9606.ENSP00000268717	9606.ENSP00000268717	9606.ENSP00000346340	9606.ENSP00000357624
3702.AT1G76310.1	9606.ENSP00000342215	9606.ENSP00000256442			9606.ENSP00000353472
3702.AT1G76540.1	9606.ENSP00000225426	9606.ENSP00000419782	9606.ENSP00000215832	9606.ENSP00000257904	9606.ENSP00000299421
3702.AT1G77060.1	9606.ENSP00000381768				9606.ENSP00000367173
3702.AT1G77180.1	9606.ENSP00000400591	9606.ENSP00000296581		9606.ENSP00000336630	
3702.AT1G77800.1	9606.ENSP00000358165	9606.ENSP00000330343			9606.ENSP00000216455
3702.AT1G77850.1	9606.ENSP00000295400	9606.ENSP00000345530		9606.ENSP00000231948	9606.ENSP00000326948
3702.AT1G78100.1	9606.ENSP00000363318				9606.ENSP00000220809
3702.AT1G78290.2	9606.ENSP00000216911	9606.ENSP00000300093	9606.ENSP00000216911	9606.ENSP00000350785	9606.ENSP00000216911
3702.AT1G78370.1	9606.ENSP00000252723				9606.ENSP00000432279
3702.AT1G78380.1	9606.ENSP00000369257				9606.ENSP00000301408
3702.AT1G78770.1	9606.ENSP00000404705	9606.ENSP00000348554	9606.ENSP00000348554	9606.ENSP00000259605	9606.ENSP00000318684
3702.AT1G79280.2	9606.ENSP00000350719	9606.ENSP00000338413		9606.ENSP00000269127	9606.ENSP00000216225
3702.AT1G79470.1	9606.ENSP00000304945				9606.ENSP00000264818
3702.AT1G79930.1	9606.ENSP00000364802	9606.ENSP00000364802	9606.ENSP00000364801	9606.ENSP00000247207	9606.ENSP00000223321
3702.AT1G80050.1	9606.ENSP00000354340				9606.ENSP00000356150
3702.AT1G80070.1	9606.ENSP00000304350	9606.ENSP00000235090	9606.ENSP00000304350	9606.ENSP00000235090	9606.ENSP00000304350
3702.AT1G80390.1	9606.ENSP00000261597	9606.ENSP00000347834			9606.ENSP00000346045
3702.AT1G80930.1	9606.ENSP00000398698	9606.ENSP00000325690	9606.ENSP00000269601	9606.ENSP00000348573	
3702.AT2G01200.2	9606.ENSP00000275493	9606.ENSP00000356429			9606.ENSP00000216361
3702.AT2G01570.1	9606.ENSP00000263895				9606.ENSP00000269439
3702.AT2G01710.1	9606.ENSP00000263413				9606.ENSP00000228825
3702.AT2G01730.1	9606.ENSP00000264995	9606.ENSP00000360992		9606.ENSP00000233630	
3702.AT2G01760.1	9606.ENSP00000284957	9606.ENSP00000262395			9606.ENSP00000359531
3702.AT2G01830.2	9606.ENSP00000306190				9606.ENSP00000259895
3702.AT2G02220.1	9606.ENSP00000216373	9606.ENSP00000288602	9606.ENSP00000275493	9606.ENSP00000316333	9606.ENSP00000341344
3702.AT2G03160.1	9606.ENSP00000348812	9606.ENSP00000325748	9606.ENSP00000301764		
3702.AT2G03170.1	9606.ENSP00000428982	9606.ENSP00000339428			9606.ENSP00000431040
3702.AT2G03190.1	9606.ENSP00000366288	9606.ENSP00000343204			
3702.AT2G03500.1	9606.ENSP00000229135				9606.ENSP00000299138
3702.AT2G03820.1	9606.ENSP00000353472	9606.ENSP00000337451		9606.ENSP00000377486	
3702.AT2G03870.1	9606.ENSP00000330475	9606.ENSP00000304903			9606.ENSP00000265085
3702.AT2G04650.1	9606.ENSP00000396688				9606.ENSP00000268717
3702.AT2G04660.1	9606.ENSP00000314004	9606.ENSP00000314004	9606.ENSP00000314004	9606.ENSP00000381717	9606.ENSP00000288937
3702.AT2G05120.1	9606.ENSP00000377640	9606.ENSP00000361658		9606.ENSP00000367721	
3702.AT2G05830.1	9606.ENSP00000301019	9606.ENSP00000354791		9606.ENSP00000344742	9606.ENSP00000338130
3702.AT2G05840.1	9606.ENSP00000383587	9606.ENSP00000455744	9606.ENSP00000223321	9606.ENSP00000455744	9606.ENSP00000361824
3702.AT2G06510.1	9606.ENSP00000254719	9606.ENSP00000254719	9606.ENSP00000254719	9606.ENSP00000254719	9606.ENSP00000334061
3702.AT2G07690.1	9606.ENSP00000354791	9606.ENSP00000386239		9606.ENSP00000266000	9606.ENSP00000256474
3702.AT2G16400.1	9606.ENSP00000361965				9606.ENSP00000347858
3702.AT2G16440.1	9606.ENSP00000263816	9606.ENSP00000266000	9606.ENSP00000368174	9606.ENSP00000264156	9606.ENSP00000330341
3702.AT2G16570.1	9606.ENSP00000353078	9606.ENSP00000262367		9606.ENSP00000262367	9606.ENSP00000345530
3702.AT2G16950.1	9606.ENSP00000336712	9606.ENSP00000336712	9606.ENSP00000336712	9606.ENSP00000336712	9606.ENSP00000262189
3702.AT2G17560.1	9606.ENSP00000371471	9606.ENSP00000315130			
3702.AT2G17820.1	9606.ENSP00000217169				
3702.AT2G18000.2	9606.ENSP00000316333	9606.ENSP00000299424			9606.ENSP00000223642
3702.AT2G18290.1	9606.ENSP00000301764	9606.ENSP00000310071	9606.ENSP00000310071	9606.ENSP00000310071	9606.ENSP00000329312
3702.AT2G18740.1	9606.ENSP00000382323	9606.ENSP00000306614			9606.ENSP00000283109
3702.AT2G19480.1	9606.ENSP00000409378				9606.ENSP00000250378
3702.AT2G19830.1	9606.ENSP00000317468	9606.ENSP00000223500	9606.ENSP00000223500	9606.ENSP00000223500	9606.ENSP00000304311
3702.AT2G19900.1	9606.ENSP00000279477	9606.ENSP00000348577			9606.ENSP00000225426
3702.AT2G20000.1	9606.ENSP00000434614	9606.ENSP00000346987	9606.ENSP00000434614	9606.ENSP00000315112	9606.ENSP00000315997
3702.AT2G20130.1	9606.ENSP00000273221	9606.ENSP00000296440			
3702.AT2G20580.1	9606.ENSP00000310129	9606.ENSP00000223321	9606.ENSP00000310129	9606.ENSP00000310129	9606.ENSP00000348307
3702.AT2G20900.1	9606.ENSP00000352101				9606.ENSP00000369654
3702.AT2G22490.2	9606.ENSP00000452780	9606.ENSP00000352400	9606.ENSP00000319240	9606.ENSP00000354525	9606.ENSP00000335062
3702.AT2G22670.4	9606.ENSP00000454071	9606.ENSP00000259605			9606.ENSP00000345957
3702.AT2G22880.1	9606.ENSP00000260049				9606.ENSP00000280357
3702.AT2G23030.1	9606.ENSP00000260386	9606.ENSP00000455507	9606.ENSP00000455507	9606.ENSP00000420321	9606.ENSP00000309591
3702.AT2G23310.1	9606.ENSP00000323889				9606.ENSP00000305071
3702.AT2G23350.1	9606.ENSP00000313007	9606.ENSP00000313007	9606.ENSP00000313007	9606.ENSP00000265171	9606.ENSP00000318982
3702.AT2G23430.1	9606.ENSP00000264025	9606.ENSP00000284878			9606.ENSP00000290158
3702.AT2G24490.1	9606.ENSP00000265343	9606.ENSP00000269305	9606.ENSP00000363021	9606.ENSP00000269305	9606.ENSP00000272317
3702.AT2G24590.1	9606.ENSP00000330484	9606.ENSP00000377083		9606.ENSP00000308165	9606.ENSP00000349305
3702.AT2G24765.1	9606.ENSP00000260731	9606.ENSP00000272102	9606.ENSP00000272102	9606.ENSP00000246747	9606.ENSP00000246747
3702.AT2G25700.1	9606.ENSP00000348831	9606.ENSP00000437073			
3702.AT2G25850.2	9606.ENSP00000424328	9606.ENSP00000263464		9606.ENSP00000274255	9606.ENSP00000463533
3702.AT2G26040.1	9606.ENSP00000413496	9606.ENSP00000307599			
3702.AT2G26430.1	9606.ENSP00000227507	9606.ENSP00000261900	9606.ENSP00000428982	9606.ENSP00000428982	9606.ENSP00000384675
3702.AT2G26760.1	9606.ENSP00000270800	9606.ENSP00000222005			9606.ENSP00000310127
3702.AT2G27020.1	9606.ENSP00000216455	9606.ENSP00000216455	9606.ENSP00000216455	9606.ENSP00000216455	9606.ENSP00000456609
3702.AT2G27960.1	9606.ENSP00000366005	9606.ENSP00000329312	9606.ENSP00000311083	9606.ENSP00000354580	9606.ENSP00000378786
3702.AT2G27970.1	9606.ENSP00000385361	9606.ENSP00000471505	9606.ENSP00000364976	9606.ENSP00000215368	9606.ENSP00000431254
3702.AT2G28350.1	9606.ENSP00000206249	9606.ENSP00000312262		9606.ENSP00000364589	9606.ENSP00000362688
3702.AT2G28380.1	9606.ENSP00000398495	9606.ENSP00000316333		9606.ENSP00000319286	9606.ENSP00000422344
3702.AT2G28450.1	9606.ENSP00000372335	9606.ENSP00000356641		9606.ENSP00000274376	
3702.AT2G29310.1	9606.ENSP00000363812				9606.ENSP00000311083
3702.AT2G29320.1	9606.ENSP00000363794	9606.ENSP00000257895			9606.ENSP00000471505
3702.AT2G29350.1	9606.ENSP00000296785	9606.ENSP00000303525		9606.ENSP00000363794	9606.ENSP00000231487
3702.AT2G29360.1	9606.ENSP00000397644	9606.ENSP00000363794	9606.ENSP00000257895	9606.ENSP00000303525	9606.ENSP00000363794
3702.AT2G29380.1	9606.ENSP00000346534	9606.ENSP00000263212		9606.ENSP00000384330	9606.ENSP00000357887
3702.AT2G29420.1	9606.ENSP00000265465				9606.ENSP00000358595
3702.AT2G29490.1	9606.ENSP00000350491				9606.ENSP00000349954
3702.AT2G29570.1	9606.ENSP00000263681	9606.ENSP00000295050	9606.ENSP00000368438	9606.ENSP00000263681	9606.ENSP00000327145
3702.AT2G30050.1	9606.ENSP00000312122	9606.ENSP00000312122	9606.ENSP00000312122	9606.ENSP00000282841	9606.ENSP00000296509
3702.AT2G30120.2	9606.ENSP00000005257				9606.ENSP00000354340
3702.AT2G30580.1	9606.ENSP00000450040	9606.ENSP00000233630	9606.ENSP00000233630		9606.ENSP00000338799
3702.AT2G30880.1	9606.ENSP00000401980	9606.ENSP00000351664		9606.ENSP00000384863	9606.ENSP00000363822
3702.AT2G31200.1	9606.ENSP00000309629	9606.ENSP00000309629	9606.ENSP00000228825	9606.ENSP00000309629	9606.ENSP00000349960
3702.AT2G31985.1	9606.ENSP00000363773				9606.ENSP00000332604
3702.AT2G32710.1	9606.ENSP00000352064	9606.ENSP00000263780	9606.ENSP00000248566	9606.ENSP00000380942	9606.ENSP00000384416
3702.AT2G32730.1	9606.ENSP00000309474	9606.ENSP00000357879	9606.ENSP00000309474	9606.ENSP00000219313	9606.ENSP00000378323
3702.AT2G32980.1	9606.ENSP00000454786				9606.ENSP00000361433
3702.AT2G33310.2	9606.ENSP00000271452	9606.ENSP00000398495			9606.ENSP00000420821
3702.AT2G33340.1	9606.ENSP00000296581	9606.ENSP00000375872		9606.ENSP00000341549	9606.ENSP00000363313
3702.AT2G33450.1	9606.ENSP00000261205	9606.ENSP00000377486			9606.ENSP00000355944
3702.AT2G33860.1	9606.ENSP00000307078	9606.ENSP00000215637			
3702.AT2G36010.2	9606.ENSP00000455744	9606.ENSP00000432279	9606.ENSP00000345571	9606.ENSP00000309503	9606.ENSP00000277480
3702.AT2G36130.1	9606.ENSP00000283195	9606.ENSP00000419425	9606.ENSP00000306614	9606.ENSP00000419425	9606.ENSP00000306614
3702.AT2G36270.1	9606.ENSP00000263574	9606.ENSP00000256389		9606.ENSP00000413496	9606.ENSP00000289352
3702.AT2G36690.1	9606.ENSP00000372025	9606.ENSP00000405965			9606.ENSP00000259457
3702.AT2G37040.1	9606.ENSP00000446121				9606.ENSP00000268206
3702.AT2G37180.1	9606.ENSP00000390630				9606.ENSP00000252015
3702.AT2G37340.1	9606.ENSP00000348986	9606.ENSP00000400591		9606.ENSP00000269601	9606.ENSP00000387347
3702.AT2G37620.1	9606.ENSP00000331514	9606.ENSP00000367220		9606.ENSP00000331514	9606.ENSP00000309629
3702.AT2G38310.1	9606.ENSP00000396320	9606.ENSP00000366005		9606.ENSP00000327251	9606.ENSP00000350580
3702.AT2G38360.1	9606.ENSP00000306881	9606.ENSP00000341344		9606.ENSP00000405965	9606.ENSP00000253727
3702.AT2G38620.2	9606.ENSP00000215832	9606.ENSP00000378699	9606.ENSP00000419782	9606.ENSP00000272198	9606.ENSP00000336528
3702.AT2G38770.1	9606.ENSP00000302160	9606.ENSP00000262803	9606.ENSP00000262803	9606.ENSP00000345808	9606.ENSP00000469468
3702.AT2G39090.1	9606.ENSP00000394394	9606.ENSP00000394394	9606.ENSP00000394394	9606.ENSP00000343535	9606.ENSP00000296102
3702.AT2G39770.1	9606.ENSP00000415941				9606.ENSP00000304102
3702.AT2G39800.1	9606.ENSP00000428924	9606.ENSP00000410294		9606.ENSP00000316681	9606.ENSP00000402758
3702.AT2G39810.1	9606.ENSP00000352257	9606.ENSP00000369257			9606.ENSP00000348838
3702.AT2G39930.1	9606.ENSP00000434034	9606.ENSP00000360181		9606.ENSP00000256652	9606.ENSP00000224237
3702.AT2G39940.1	9606.ENSP00000220849	9606.ENSP00000262306			9606.ENSP00000301585
3702.AT2G40330.1	9606.ENSP00000379098	9606.ENSP00000385361		9606.ENSP00000357624	9606.ENSP00000358162
3702.AT2G40380.1	9606.ENSP00000343742	9606.ENSP00000262477		9606.ENSP00000330343	9606.ENSP00000320940
3702.AT2G40550.1	9606.ENSP00000381008	9606.ENSP00000254810	9606.ENSP00000229595	9606.ENSP00000355778	9606.ENSP00000262306
3702.AT2G40670.2	9606.ENSP00000352820				9606.ENSP00000340823
3702.AT2G41070.1	9606.ENSP00000301838	9606.ENSP00000312150		9606.ENSP00000265239	
3702.AT2G41310.1	9606.ENSP00000312664				9606.ENSP00000348168
3702.AT2G41350.2	9606.ENSP00000372136				9606.ENSP00000368438
3702.AT2G41620.1	9606.ENSP00000388107	9606.ENSP00000368174	9606.ENSP00000310668	9606.ENSP00000338814	9606.ENSP00000368174
3702.AT2G42120.1	9606.ENSP00000295050	9606.ENSP00000305480		9606.ENSP00000295050	
3702.AT2G42260.1	9606.ENSP00000346987	9606.ENSP00000296509	9606.ENSP00000296509	9606.ENSP00000269439	9606.ENSP00000353483
3702.AT2G42620.1	9606.ENSP00000218147	9606.ENSP00000354340			9606.ENSP00000260102
3702.AT2G42790.1	9606.ENSP00000196551	9606.ENSP00000251453		9606.ENSP00000313007	9606.ENSP00000348573
3702.AT2G43060.1	9606.ENSP00000225430	9606.ENSP00000472469		9606.ENSP00000357555	9606.ENSP00000379709
3702.AT2G43140.2	9606.ENSP00000420384	9606.ENSP00000426359		9606.ENSP00000372093	9606.ENSP00000262464
3702.AT2G43510.1	9606.ENSP00000203001				9606.ENSP00000360730
3702.AT2G43650.1	9606.ENSP00000407401				9606.ENSP00000323046
3702.AT2G43770.1	9606.ENSP00000326948	9606.ENSP00000351446	9606.ENSP00000341351	9606.ENSP00000375656	9606.ENSP00000308533
3702.AT2G44350.2	9606.ENSP00000385021	9606.ENSP00000377867		9606.ENSP00000456711	9606.ENSP00000339086
3702.AT2G44950.1	9606.ENSP00000457330				9606.ENSP00000359939
3702.AT2G45000.1	9606.ENSP00000305503	9606.ENSP00000305503	9606.ENSP00000305503	9606.ENSP00000305503	9606.ENSP00000227618
3702.AT2G45660.1	9606.ENSP00000263119	9606.ENSP00000263119		9606.ENSP00000263119	9606.ENSP00000344668
3702.AT2G45850.1	9606.ENSP00000415200				9606.ENSP00000374484
3702.AT2G45860.1	9606.ENSP00000346659				9606.ENSP00000346671
3702.AT2G46280.1	9606.ENSP00000362688	9606.ENSP00000362688	9606.ENSP00000362688	9606.ENSP00000422344	9606.ENSP00000318944
3702.AT2G46320.1	9606.ENSP00000215637	9606.ENSP00000271657			9606.ENSP00000261479
3702.AT2G46370.4	9606.ENSP00000222139				9606.ENSP00000320885
3702.AT2G46530.3	9606.ENSP00000386171	9606.ENSP00000356814			9606.ENSP00000250784
3702.AT2G46600.1	9606.ENSP00000265846	9606.ENSP00000265846	9606.ENSP00000359300	9606.ENSP00000265846	9606.ENSP00000253794
3702.AT2G46990.1	9606.ENSP00000268712	9606.ENSP00000327796		9606.ENSP00000406751	9606.ENSP00000346067
3702.AT2G47450.1	9606.ENSP00000351273	9606.ENSP00000360689	9606.ENSP00000360689	9606.ENSP00000360689	9606.ENSP00000400175
3702.AT2G47710.1	9606.ENSP00000414237				9606.ENSP00000254810
3702.AT3G01540.2	9606.ENSP00000269349	9606.ENSP00000293831	9606.ENSP00000293831	9606.ENSP00000269349	9606.ENSP00000358867
3702.AT3G02000.1	9606.ENSP00000348821	9606.ENSP00000219548			
3702.AT3G02190.1	9606.ENSP00000230050	9606.ENSP00000302896		9606.ENSP00000435777	9606.ENSP00000273221
3702.AT3G02820.1	9606.ENSP00000390423	9606.ENSP00000303585			
3702.AT3G03340.1	9606.ENSP00000278742	9606.ENSP00000265062			9606.ENSP00000262193
3702.AT3G03450.1	9606.ENSP00000370299				9606.ENSP00000295704
3702.AT3G03990.1	9606.ENSP00000233630	9606.ENSP00000290810			9606.ENSP00000279242
3702.AT3G04280.1	9606.ENSP00000332576				9606.ENSP00000307850
3702.AT3G04620.1	9606.ENSP00000463533	9606.ENSP00000262017		9606.ENSP00000262407	9606.ENSP00000269571
3702.AT3G04680.1	9606.ENSP00000311083	9606.ENSP00000262878			9606.ENSP00000265038
3702.AT3G04730.1	9606.ENSP00000360635	9606.ENSP00000330237		9606.ENSP00000216160	9606.ENSP00000225430
3702.AT3G04930.1	9606.ENSP00000354927	9606.ENSP00000349208			
3702.AT3G05120.1	9606.ENSP00000351407				9606.ENSP00000381717
3702.AT3G05420.2	9606.ENSP00000267540	9606.ENSP00000262919	9606.ENSP00000262919		9606.ENSP00000244050
3702.AT3G05530.1	9606.ENSP00000298852	9606.ENSP00000298852	9606.ENSP00000298852	9606.ENSP00000261303	9606.ENSP00000283254
3702.AT3G05870.1	9606.ENSP00000287598	9606.ENSP00000272348	9606.ENSP00000216225	9606.ENSP00000295704	9606.ENSP00000420959
3702.AT3G06260.1	9606.ENSP00000255324	9606.ENSP00000326128			9606.ENSP00000384330
3702.AT3G06530.2	9606.ENSP00000457881				9606.ENSP00000368984
3702.AT3G06560.1	9606.ENSP00000369654	9606.ENSP00000343535		9606.ENSP00000262643	9606.ENSP00000242576
3702.AT3G06980.1	9606.ENSP00000264018	9606.ENSP00000264018	9606.ENSP00000264018	9606.ENSP00000264018	9606.ENSP00000229595
3702.AT3G09250.2	9606.ENSP00000342156				9606.ENSP00000310933
3702.AT3G10070.1	9606.ENSP00000374447	9606.ENSP00000403852		9606.ENSP00000283875	9606.ENSP00000356399
3702.AT3G10180.1	9606.ENSP00000265148	9606.ENSP00000265148	9606.ENSP00000265148	9606.ENSP00000260731	9606.ENSP00000361206
3702.AT3G10340.1	9606.ENSP00000334008				9606.ENSP00000246868
3702.AT3G10525.1	9606.ENSP00000280154	9606.ENSP00000264645	9606.ENSP00000264645	9606.ENSP00000381992	9606.ENSP00000374125
3702.AT3G11270.1	9606.ENSP00000219313	9606.ENSP00000304102	9606.ENSP00000219313	9606.ENSP00000353472	9606.ENSP00000332816
3702.AT3G11410.1	9606.ENSP00000354280	9606.ENSP00000291295	9606.ENSP00000291295	9606.ENSP00000308548	9606.ENSP00000259791
3702.AT3G11520.1	9606.ENSP00000370557	9606.ENSP00000259818		9606.ENSP00000367173	9606.ENSP00000402060
3702.AT3G11730.1	9606.ENSP00000300935	9606.ENSP00000300935	9606.ENSP00000400175	9606.ENSP00000376176	9606.ENSP00000341390
3702.AT3G11760.1	9606.ENSP00000342235	9606.ENSP00000267082			9606.ENSP00000363824
3702.AT3G12110.1	9606.ENSP00000367220	9606.ENSP00000334300	9606.ENSP00000331514	9606.ENSP00000336740	9606.ENSP00000331514
3702.AT3G12280.1	9606.ENSP00000044462	9606.ENSP00000267163	9606.ENSP00000267163	9606.ENSP00000267082	9606.ENSP00000340944
3702.AT3G13222.1	9606.ENSP00000229238				9606.ENSP00000306881
3702.AT3G13445.1	9606.ENSP00000377862	9606.ENSP00000340823		9606.ENSP00000403852	
3702.AT3G13570.1	9606.ENSP00000264832	9606.ENSP00000372484	9606.ENSP00000372484	9606.ENSP00000296581	9606.ENSP00000306361
3702.AT3G13710.1	9606.ENSP00000254584	9606.ENSP00000262215			9606.ENSP00000268712
3702.AT3G13720.1	9606.ENSP00000364217	9606.ENSP00000250559			
3702.AT3G13990.1	9606.ENSP00000258105				9606.ENSP00000266674
3702.AT3G14080.1	9606.ENSP00000369213	9606.ENSP00000358490			9606.ENSP00000327583
3702.AT3G14110.3	9606.ENSP00000350075				9606.ENSP00000396688
3702.AT3G14120.1	9606.ENSP00000229179	9606.ENSP00000229179	9606.ENSP00000229179	9606.ENSP00000229179	9606.ENSP00000346987
3702.AT3G14290.1	9606.ENSP00000271308	9606.ENSP00000271308	9606.ENSP00000271308	9606.ENSP00000359910	9606.ENSP00000283256
3702.AT3G14790.1	9606.ENSP00000349275	9606.ENSP00000262407			9606.ENSP00000321184
3702.AT3G15540.1	9606.ENSP00000261023	9606.ENSP00000262419		9606.ENSP00000341351	9606.ENSP00000433821
3702.AT3G15730.1	9606.ENSP00000358064	9606.ENSP00000266674		9606.ENSP00000389014	9606.ENSP00000370083
3702.AT3G15970.1	9606.ENSP00000293379	9606.ENSP00000283195	9606.ENSP00000283195	9606.ENSP00000269571	9606.ENSP00000270586
3702.AT3G16320.1	9606.ENSP00000261819	9606.ENSP00000434614	9606.ENSP00000362824	9606.ENSP00000352516	9606.ENSP00000264072
3702.AT3G16360.2	9606.ENSP00000362994				9606.ENSP00000312735
3702.AT3G16500.1	9606.ENSP00000260382	9606.ENSP00000344742			9606.ENSP00000253039
3702.AT3G16857.2	9606.ENSP00000263464				9606.ENSP00000445162
3702.AT3G17600.1	9606.ENSP00000343001	9606.ENSP00000265038		9606.ENSP00000463533	9606.ENSP00000316333
3702.AT3G17860.1	9606.ENSP00000436049	9606.ENSP00000275493			9606.ENSP00000305682
3702.AT3G18060.1	9606.ENSP00000350937	9606.ENSP00000228825	9606.ENSP00000352918	9606.ENSP00000348163	9606.ENSP00000336740
3702.AT3G18140.1	9606.ENSP00000380313	9606.ENSP00000380313	9606.ENSP00000380313	9606.ENSP00000265038	9606.ENSP00000375872
3702.AT3G18165.1	9606.ENSP00000262919	9606.ENSP00000233468	9606.ENSP00000296581	9606.ENSP00000233468	9606.ENSP00000272348
3702.AT3G18570.1	9606.ENSP00000361359				9606.ENSP00000263212
3702.AT3G18780.2	9606.ENSP00000259365	9606.ENSP00000331514	9606.ENSP00000349960	9606.ENSP00000263238	
3702.AT3G18790.1	9606.ENSP00000342374	9606.ENSP00000469468	9606.ENSP00000302160	9606.ENSP00000348888	9606.ENSP00000269601
3702.AT3G19150.1	9606.ENSP00000356552	9606.ENSP00000357643	9606.ENSP00000228872	9606.ENSP00000351209	9606.ENSP00000250971
3702.AT3G19290.3	9606.ENSP00000301244	9606.ENSP00000283254		9606.ENSP00000260386	9606.ENSP00000339835
3702.AT3G19770.1	9606.ENSP00000317955	9606.ENSP00000349560	9606.ENSP00000284957	9606.ENSP00000317955	9606.ENSP00000263574
3702.AT3G19860.2	9606.ENSP00000258383				9606.ENSP00000280551
3702.AT3G20040.1	9606.ENSP00000295897	9606.ENSP00000278568		9606.ENSP00000335062	9606.ENSP00000271308
3702.AT3G20680.1	9606.ENSP00000321636	9606.ENSP00000361914			9606.ENSP00000362690
3702.AT3G20820.1	9606.ENSP00000337797	9606.ENSP00000337797	9606.ENSP00000337797	9606.ENSP00000296795	9606.ENSP00000370119
3702.AT3G20970.1	9606.ENSP00000308583	9606.ENSP00000370658			
3702.AT3G21175.1	9606.ENSP00000337432				9606.ENSP00000343027
3702.AT3G21200.1	9606.ENSP00000381377				9606.ENSP00000415941
3702.AT3G21215.1	9606.ENSP00000359096	9606.ENSP00000243563	9606.ENSP00000243563	9606.ENSP00000351416	9606.ENSP00000254584
3702.AT3G21510.1	9606.ENSP00000220429	9606.ENSP00000273221			9606.ENSP00000215587
3702.AT3G21850.1	9606.ENSP00000455507	9606.ENSP00000256474			
3702.AT3G21860.1	9606.ENSP00000365160	9606.ENSP00000412237			
3702.AT3G22110.1	9606.ENSP00000336127	9606.ENSP00000044462	9606.ENSP00000044462	9606.ENSP00000223321	9606.ENSP00000303540
3702.AT3G22310.1	9606.ENSP00000293831	9606.ENSP00000269349	9606.ENSP00000269349	9606.ENSP00000288071	9606.ENSP00000350364
3702.AT3G22440.1	9606.ENSP00000288937				9606.ENSP00000368516
3702.AT3G22630.1	9606.ENSP00000403396	9606.ENSP00000362334	9606.ENSP00000362334	9606.ENSP00000362334	9606.ENSP00000307599
3702.AT3G22790.1	9606.ENSP00000345151	9606.ENSP00000382434			
3702.AT3G23030.1	9606.ENSP00000228534	9606.ENSP00000262189		9606.ENSP00000356814	9606.ENSP00000348849
3702.AT3G23050.1	9606.ENSP00000340944	9606.ENSP00000231948		9606.ENSP00000242576	9606.ENSP00000329507
3702.AT3G24140.1	9606.ENSP00000422591				9606.ENSP00000368226
3702.AT3G24240.1	9606.ENSP00000301037	9606.ENSP00000220751	9606.ENSP00000450895	9606.ENSP00000301037	9606.ENSP00000290541
3702.AT3G24620.1	9606.ENSP00000228945	9606.ENSP00000351049		9606.ENSP00000351049	9606.ENSP00000343957
3702.AT3G24690.1	9606.ENSP00000363157	9606.ENSP00000377914			9606.ENSP00000424417
3702.AT3G24770.1	9606.ENSP00000281821	9606.ENSP00000228307		9606.ENSP00000392828	9606.ENSP00000302564
3702.AT3G24810.1	9606.ENSP00000289429	9606.ENSP00000265343			9606.ENSP00000370989
3702.AT3G25650.1	9606.ENSP00000376889	9606.ENSP00000253023			
3702.AT3G25655.1	9606.ENSP00000365435	9606.ENSP00000353864			
3702.AT3G25710.1	9606.ENSP00000230449				9606.ENSP00000272930
3702.AT3G26650.1	9606.ENSP00000222482				9606.ENSP00000358022
3702.AT3G27080.1	9606.ENSP00000332806				9606.ENSP00000216223
3702.AT3G29350.1	9606.ENSP00000381717	9606.ENSP00000379709		9606.ENSP00000379709	9606.ENSP00000452454
3702.AT3G29800.1	9606.ENSP00000229758	9606.ENSP00000363322			
3702.AT3G43230.1	9606.ENSP00000379891	9606.ENSP00000317955	9606.ENSP00000317955	9606.ENSP00000295888	9606.ENSP00000353878
3702.AT3G43440.1	9606.ENSP00000308541	9606.ENSP00000376808			9606.ENSP00000347277
3702.AT3G44460.1	9606.ENSP00000254691	9606.ENSP00000343764		9606.ENSP00000421280	9606.ENSP00000347168
3702.AT3G46520.1	9606.ENSP00000334300	9606.ENSP00000263238	9606.ENSP00000263238	9606.ENSP00000228825	9606.ENSP00000223023
3702.AT3G46730.1	9606.ENSP00000392936	9606.ENSP00000266376			
3702.AT3G47675.1	9606.ENSP00000372126				9606.ENSP00000295050
3702.AT3G48040.1	9606.ENSP00000304283	9606.ENSP00000249071	9606.ENSP00000249071	9606.ENSP00000249071	9606.ENSP00000282397
3702.AT3G48090.1	9606.ENSP00000013807				9606.ENSP00000353224
3702.AT3G48100.1	9606.ENSP00000360730				9606.ENSP00000375809
3702.AT3G48150.1	9606.ENSP00000378350	9606.ENSP00000378350	9606.ENSP00000378350	9606.ENSP00000360992	9606.ENSP00000389338
3702.AT3G48160.2	9606.ENSP00000368686	9606.ENSP00000368686		9606.ENSP00000280154	9606.ENSP00000264645
3702.AT3G48550.1	9606.ENSP00000305653				9606.ENSP00000250495
3702.AT3G48750.1	9606.ENSP00000403609	9606.ENSP00000215071	9606.ENSP00000266970	9606.ENSP00000347277	9606.ENSP00000353099
3702.AT3G49160.1	9606.ENSP00000437468				9606.ENSP00000266000
3702.AT3G49430.1	9606.ENSP00000334061	9606.ENSP00000367173		9606.ENSP00000412566	
3702.AT3G49520.1	9606.ENSP00000367301	9606.ENSP00000361014		9606.ENSP00000222005	9606.ENSP00000446121
3702.AT3G49601.1	9606.ENSP00000367454	9606.ENSP00000265192	9606.ENSP00000400591	9606.ENSP00000356251	
3702.AT3G49790.1	9606.ENSP00000345719	9606.ENSP00000339086			
3702.AT3G50070.1	9606.ENSP00000250971	9606.ENSP00000231487		9606.ENSP00000261023	9606.ENSP00000356552
3702.AT3G50500.2	9606.ENSP00000349467	9606.ENSP00000379098		9606.ENSP00000379098	9606.ENSP00000296417
3702.AT3G50630.1	9606.ENSP00000378786	9606.ENSP00000346340	9606.ENSP00000326806	9606.ENSP00000341082	9606.ENSP00000364114
3702.AT3G50670.1	9606.ENSP00000472998	9606.ENSP00000472998	9606.ENSP00000472998	9606.ENSP00000303712	9606.ENSP00000334145
3702.AT3G51180.1	9606.ENSP00000345344	9606.ENSP00000058691		9606.ENSP00000058691	9606.ENSP00000279441
3702.AT3G52090.2	9606.ENSP00000341957	9606.ENSP00000292614	9606.ENSP00000292614	9606.ENSP00000408979	9606.ENSP00000363999
3702.AT3G52560.4	9606.ENSP00000428209	9606.ENSP00000428209	9606.ENSP00000344166	9606.ENSP00000428209	9606.ENSP00000356621
3702.AT3G52630.1	9606.ENSP00000377914	9606.ENSP00000302564		9606.ENSP00000302564	9606.ENSP00000376965
3702.AT3G53180.1	9606.ENSP00000356602	9606.ENSP00000398177		9606.ENSP00000394791	9606.ENSP00000262735
3702.AT3G53260.1	9606.ENSP00000228307				9606.ENSP00000346001
3702.AT3G53750.1	9606.ENSP00000349960	9606.ENSP00000355645	9606.ENSP00000355645	9606.ENSP00000349960	9606.ENSP00000348163
3702.AT3G54180.1	9606.ENSP00000419782	9606.ENSP00000266970	9606.ENSP00000229794	9606.ENSP00000279477	9606.ENSP00000452780
3702.AT3G54820.1	9606.ENSP00000391564				9606.ENSP00000297183
3702.AT3G54826.1	9606.ENSP00000440915				9606.ENSP00000267415
3702.AT3G54850.1	9606.ENSP00000046794	9606.ENSP00000352820	9606.ENSP00000352820	9606.ENSP00000352820	9606.ENSP00000298047
3702.AT3G54890.1	9606.ENSP00000290472				9606.ENSP00000257904
3702.AT3G54900.1	9606.ENSP00000053243				9606.ENSP00000346402
3702.AT3G55130.1	9606.ENSP00000260645	9606.ENSP00000260645	9606.ENSP00000260645	9606.ENSP00000260645	9606.ENSP00000472039
3702.AT3G55460.1	9606.ENSP00000372484	9606.ENSP00000220429	9606.ENSP00000303712	9606.ENSP00000272348	9606.ENSP00000308541
3702.AT3G55610.1	9606.ENSP00000452762	9606.ENSP00000369554		9606.ENSP00000351280	9606.ENSP00000456711
3702.AT3G56150.1	9606.ENSP00000332604	9606.ENSP00000332604	9606.ENSP00000332604	9606.ENSP00000332604	9606.ENSP00000303712
3702.AT3G56850.1	9606.ENSP00000219301	9606.ENSP00000385636			
3702.AT3G56860.1	9606.ENSP00000362850	9606.ENSP00000262031	9606.ENSP00000262031	9606.ENSP00000262031	9606.ENSP00000360635
3702.AT3G56900.1	9606.ENSP00000375977	9606.ENSP00000265465			9606.ENSP00000310071
3702.AT3G57040.1	9606.ENSP00000332139				9606.ENSP00000415032
3702.AT3G57350.1	9606.ENSP00000310668	9606.ENSP00000310668		9606.ENSP00000310668	9606.ENSP00000314004
3702.AT3G57560.1	9606.ENSP00000450675				9606.ENSP00000334448
3702.AT3G57860.1	9606.ENSP00000348554	9606.ENSP00000227618	9606.ENSP00000227618	9606.ENSP00000334061	9606.ENSP00000447547
3702.AT3G58630.1	9606.ENSP00000304292	9606.ENSP00000304292		9606.ENSP00000304292	9606.ENSP00000353731
3702.AT3G58750.1	9606.ENSP00000270625	9606.ENSP00000435777		9606.ENSP00000398131	9606.ENSP00000419425
3702.AT3G59810.1	9606.ENSP00000388320	9606.ENSP00000370083			9606.ENSP00000384863
3702.AT3G60010.1	9606.ENSP00000438244	9606.ENSP00000463533			
3702.AT3G60190.1	9606.ENSP00000335307	9606.ENSP00000368516		9606.ENSP00000461518	
3702.AT3G60390.1	9606.ENSP00000351416				9606.ENSP00000338814
3702.AT3G60750.1	9606.ENSP00000357708	9606.ENSP00000339095		9606.ENSP00000338160	
3702.AT3G60820.1	9606.ENSP00000262193	9606.ENSP00000262193	9606.ENSP00000262193	9606.ENSP00000355325	9606.ENSP00000346534
3702.AT3G61140.1	9606.ENSP00000347251	9606.ENSP00000347251	9606.ENSP00000347251	9606.ENSP00000417602	9606.ENSP00000347251
3702.AT3G61220.2	9606.ENSP00000363395				9606.ENSP00000322421
3702.AT3G61310.1	9606.ENSP00000333633				9606.ENSP00000315167
3702.AT3G61650.1	9606.ENSP00000336799	9606.ENSP00000336799	9606.ENSP00000259818	9606.ENSP00000377055	9606.ENSP00000428603
3702.AT3G61830.1	9606.ENSP00000384018	9606.ENSP00000397181			9606.ENSP00000414321
3702.AT3G61860.1	9606.ENSP00000303242	9606.ENSP00000324856		9606.ENSP00000372484	9606.ENSP00000419599
3702.AT3G62100.1	9606.ENSP00000222304	9606.ENSP00000295704		9606.ENSP00000355114	9606.ENSP00000431822
3702.AT3G62240.1	9606.ENSP00000355599	9606.ENSP00000335357			9606.ENSP00000259512
3702.AT3G62410.1	9606.ENSP00000233156				9606.ENSP00000274773
3702.AT3G62930.1	9606.ENSP00000216160	9606.ENSP00000236850			9606.ENSP00000304592
3702.AT3G62980.1	9606.ENSP00000281708	9606.ENSP00000274255	9606.ENSP00000274255		9606.ENSP00000258105
3702.AT3G63010.1	9606.ENSP00000382697				
3702.AT3G63210.1	9606.ENSP00000360266				9606.ENSP00000356231
3702.AT3G66652.1	9606.ENSP00000356621	9606.ENSP00000291552		9606.ENSP00000256442	9606.ENSP00000356814
3702.AT4G01026.1	9606.ENSP00000283256	9606.ENSP00000270142		9606.ENSP00000270142	
3702.AT4G01900.1	9606.ENSP00000291232				9606.ENSP00000312262
3702.AT4G01920.1	9606.ENSP00000359928	9606.ENSP00000378786		9606.ENSP00000302486	9606.ENSP00000275815
3702.AT4G02060.1	9606.ENSP00000368174	9606.ENSP00000264156	9606.ENSP00000264156	9606.ENSP00000386239	9606.ENSP00000339428
3702.AT4G02080.1	9606.ENSP00000261636	9606.ENSP00000261636	9606.ENSP00000261636	9606.ENSP00000352400	9606.ENSP00000254066
3702.AT4G02440.1	9606.ENSP00000343764	9606.ENSP00000216225	9606.ENSP00000463533		9606.ENSP00000354525
3702.AT4G02560.1	9606.ENSP00000353393	9606.ENSP00000336740		9606.ENSP00000303830	9606.ENSP00000355325
3702.AT4G02570.1	9606.ENSP00000326804	9606.ENSP00000364589	9606.ENSP00000364589	9606.ENSP00000264414	9606.ENSP00000373404
3702.AT4G02590.1	9606.ENSP00000332194				9606.ENSP00000251074
3702.AT4G02720.1	9606.ENSP00000160740				9606.ENSP00000324804
3702.AT4G03190.1	9606.ENSP00000362649	9606.ENSP00000369293			9606.ENSP00000223324
3702.AT4G03270.1	9606.ENSP00000365817	9606.ENSP00000393566			9606.ENSP00000373640
3702.AT4G03280.1	9606.ENSP00000361423	9606.ENSP00000327583		9606.ENSP00000420959	
3702.AT4G04020.1	9606.ENSP00000261601	9606.ENSP00000280193			9606.ENSP00000369889
3702.AT4G04885.1	9606.ENSP00000266970	9606.ENSP00000247668			9606.ENSP00000327796
3702.AT4G05180.1	9606.ENSP00000380227				9606.ENSP00000350491
3702.AT4G05520.1	9606.ENSP00000320516	9606.ENSP00000320516	9606.ENSP00000320516	9606.ENSP00000331172	9606.ENSP00000359910
3702.AT4G07950.1	9606.ENSP00000256389				9606.ENSP00000323889
3702.AT4G08150.1	9606.ENSP00000353731				9606.ENSP00000216160
3702.AT4G11920.1	9606.ENSP00000378529	9606.ENSP00000272286		9606.ENSP00000345530	9606.ENSP00000366005
3702.AT4G12080.1	9606.ENSP00000362592				9606.ENSP00000252519
3702.AT4G12640.1	9606.ENSP00000304895	9606.ENSP00000364912	9606.ENSP00000364912		9606.ENSP00000323511
3702.AT4G13195.1	9606.ENSP00000328777	9606.ENSP00000302486		9606.ENSP00000404705	9606.ENSP00000293288
3702.AT4G13540.1	9606.ENSP00000298047	9606.ENSP00000218147			9606.ENSP00000249075
3702.AT4G14310.2	9606.ENSP00000229270	9606.ENSP00000360525	9606.ENSP00000360525	9606.ENSP00000360498	9606.ENSP00000372025
3702.AT4G14370.1	9606.ENSP00000356584	9606.ENSP00000380942			
3702.AT4G14550.1	9606.ENSP00000356331	9606.ENSP00000355114		9606.ENSP00000327796	9606.ENSP00000467676
3702.AT4G14560.1	9606.ENSP00000231509	9606.ENSP00000354558		9606.ENSP00000301764	9606.ENSP00000341885
3702.AT4G14700.1	9606.ENSP00000371532	9606.ENSP00000209728	9606.ENSP00000301067	9606.ENSP00000209728	
3702.AT4G14800.2	9606.ENSP00000336666	9606.ENSP00000355325	9606.ENSP00000355325	9606.ENSP00000295901	9606.ENSP00000390600
3702.AT4G14900.1	9606.ENSP00000447547				9606.ENSP00000385328
3702.AT4G15900.1	9606.ENSP00000424417	9606.ENSP00000424417	9606.ENSP00000281708	9606.ENSP00000353393	9606.ENSP00000400591
3702.AT4G16110.1	9606.ENSP00000346671	9606.ENSP00000311827			9606.ENSP00000292614
3702.AT4G16130.1	9606.ENSP00000420616	9606.ENSP00000306190		9606.ENSP00000384416	9606.ENSP00000351280
3702.AT4G16143.1	9606.ENSP00000011653	9606.ENSP00000257894	9606.ENSP00000332455	9606.ENSP00000011653	9606.ENSP00000381992
3702.AT4G16280.2	9606.ENSP00000345530	9606.ENSP00000373277	9606.ENSP00000373277	9606.ENSP00000469468	9606.ENSP00000373277
3702.AT4G16630.1	9606.ENSP00000367173	9606.ENSP00000288071	9606.ENSP00000288071	9606.ENSP00000293831	9606.ENSP00000269349
3702.AT4G16780.1	9606.ENSP00000252015				9606.ENSP00000219548
3702.AT4G17020.3	9606.ENSP00000259895	9606.ENSP00000259895	9606.ENSP00000259895	9606.ENSP00000325748	9606.ENSP00000359740
3702.AT4G17486.1	9606.ENSP00000310356	9606.ENSP00000284957			9606.ENSP00000356331
3702.AT4G17720.1	9606.ENSP00000356231	9606.ENSP00000287600		9606.ENSP00000290158	9606.ENSP00000447149
3702.AT4G17870.1	9606.ENSP00000378323	9606.ENSP00000331172		9606.ENSP00000352834	9606.ENSP00000350159
3702.AT4G17910.1	9606.ENSP00000339398	9606.ENSP00000309503		9606.ENSP00000264072	9606.ENSP00000362334
3702.AT4G18340.1	9606.ENSP00000419425	9606.ENSP00000228280		9606.ENSP00000390423	
3702.AT4G18590.1	9606.ENSP00000369965	9606.ENSP00000341957		9606.ENSP00000341957	9606.ENSP00000380460
3702.AT4G18596.1	9606.ENSP00000370938	9606.ENSP00000363021		9606.ENSP00000356150	9606.ENSP00000307491
3702.AT4G18620.1	9606.ENSP00000272298	9606.ENSP00000403609		9606.ENSP00000467494	9606.ENSP00000358151
3702.AT4G19006.1	9606.ENSP00000345895	9606.ENSP00000334061		9606.ENSP00000384675	
3702.AT4G19210.1	9606.ENSP00000215071	9606.ENSP00000003084	9606.ENSP00000272286	9606.ENSP00000003084	9606.ENSP00000228534
3702.AT4G19410.2	9606.ENSP00000356429	9606.ENSP00000324804		9606.ENSP00000394085	
3702.AT4G19640.1	9606.ENSP00000273047	9606.ENSP00000469872	9606.ENSP00000273047	9606.ENSP00000273047	9606.ENSP00000319730
3702.AT4G20280.1	9606.ENSP00000301408	9606.ENSP00000274400		9606.ENSP00000292614	9606.ENSP00000410815
3702.AT4G21530.1	9606.ENSP00000359740	9606.ENSP00000318775	9606.ENSP00000318775	9606.ENSP00000263464	9606.ENSP00000306548
3702.AT4G22212.1	9606.ENSP00000162749				9606.ENSP00000359013
3702.AT4G22570.1	9606.ENSP00000253023				9606.ENSP00000269305
3702.AT4G22910.1	9606.ENSP00000348838	9606.ENSP00000301764	9606.ENSP00000378529	9606.ENSP00000376965	9606.ENSP00000308897
3702.AT4G23450.2	9606.ENSP00000362578	9606.ENSP00000344166	9606.ENSP00000450635	9606.ENSP00000344166	9606.ENSP00000348170
3702.AT4G23770.1	9606.ENSP00000231449				9606.ENSP00000348786
3702.AT4G23980.1	9606.ENSP00000373167	9606.ENSP00000269439		9606.ENSP00000216225	9606.ENSP00000270625
3702.AT4G24190.1	9606.ENSP00000346032	9606.ENSP00000415900			
3702.AT4G24210.1	9606.ENSP00000370256				9606.ENSP00000352820
3702.AT4G24820.1	9606.ENSP00000353099	9606.ENSP00000295901	9606.ENSP00000295901	9606.ENSP00000361206	9606.ENSP00000355361
3702.AT4G24840.1	9606.ENSP00000349016				9606.ENSP00000315476
3702.AT4G25140.1	9606.ENSP00000359663				9606.ENSP00000270142
3702.AT4G25550.1	9606.ENSP00000368190	9606.ENSP00000300291	9606.ENSP00000300291	9606.ENSP00000357823	9606.ENSP00000256652
3702.AT4G25680.1	9606.ENSP00000317039	9606.ENSP00000256186		9606.ENSP00000309831	9606.ENSP00000399968
3702.AT4G26010.1	9606.ENSP00000430684	9606.ENSP00000336655		9606.ENSP00000283109	
3702.AT4G26080.1	9606.ENSP00000240139	9606.ENSP00000431254	9606.ENSP00000216160	9606.ENSP00000272298	9606.ENSP00000348258
3702.AT4G26110.1	9606.ENSP00000324804				9606.ENSP00000364815
3702.AT4G26550.1	9606.ENSP00000310521	9606.ENSP00000005257			9606.ENSP00000348827
3702.AT4G26640.2	9606.ENSP00000280357				9606.ENSP00000260049
3702.AT4G26870.1	9606.ENSP00000312027	9606.ENSP00000365817		9606.ENSP00000290472	9606.ENSP00000361423
3702.AT4G27920.1	9606.ENSP00000307599	9606.ENSP00000346534		9606.ENSP00000386770	
3702.AT4G27940.1	9606.ENSP00000382034	9606.ENSP00000244050		9606.ENSP00000294800	9606.ENSP00000414359
3702.AT4G28230.1	9606.ENSP00000276431	9606.ENSP00000229758	9606.ENSP00000348838	9606.ENSP00000282344	
3702.AT4G28470.1	9606.ENSP00000350199	9606.ENSP00000310129		9606.ENSP00000309474	9606.ENSP00000396320
3702.AT4G28490.1	9606.ENSP00000359225	9606.ENSP00000281821		9606.ENSP00000307265	9606.ENSP00000398177
3702.AT4G28640.2	9606.ENSP00000277480	9606.ENSP00000265854		9606.ENSP00000347858	
3702.AT4G28720.1	9606.ENSP00000369293				9606.ENSP00000223095
3702.AT4G28750.1	9606.ENSP00000469049				9606.ENSP00000335357
3702.AT4G29040.1	9606.ENSP00000364114	9606.ENSP00000348442	9606.ENSP00000261303	9606.ENSP00000044462	9606.ENSP00000272298
3702.AT4G29080.1	9606.ENSP00000402060	9606.ENSP00000301067		9606.ENSP00000308450	9606.ENSP00000369757
3702.AT4G29160.1	9606.ENSP00000315112	9606.ENSP00000217402	9606.ENSP00000217402	9606.ENSP00000217402	9606.ENSP00000256585
3702.AT4G29820.1	9606.ENSP00000300291	9606.ENSP00000310933		9606.ENSP00000228872	9606.ENSP00000300291
3702.AT4G30000.2	9606.ENSP00000271450	9606.ENSP00000379213		9606.ENSP00000304447	9606.ENSP00000455744
3702.AT4G30080.1	9606.ENSP00000319286	9606.ENSP00000296545			9606.ENSP00000265192
3702.AT4G30820.1	9606.ENSP00000230354	9606.ENSP00000221859	9606.ENSP00000221859	9606.ENSP00000376506	9606.ENSP00000348577
3702.AT4G30825.1	9606.ENSP00000379372	9606.ENSP00000301788	9606.ENSP00000272645	9606.ENSP00000384515	9606.ENSP00000324897
3702.AT4G31120.1	9606.ENSP00000319169	9606.ENSP00000319169	9606.ENSP00000319169	9606.ENSP00000319169	9606.ENSP00000319169
3702.AT4G31300.2	9606.ENSP00000270586	9606.ENSP00000270586	9606.ENSP00000270586	9606.ENSP00000270586	9606.ENSP00000413496
3702.AT4G31580.1	9606.ENSP00000221980	9606.ENSP00000219301			9606.ENSP00000218099
3702.AT4G31720.1	9606.ENSP00000403649	9606.ENSP00000379372	9606.ENSP00000452454	9606.ENSP00000379372	9606.ENSP00000356016
3702.AT4G31920.1	9606.ENSP00000259455				9606.ENSP00000274400
3702.AT4G31985.1	9606.ENSP00000253039	9606.ENSP00000435096		9606.ENSP00000472469	9606.ENSP00000359000
3702.AT4G32280.1	9606.ENSP00000348827	9606.ENSP00000362824			9606.ENSP00000358064
3702.AT4G32660.1	9606.ENSP00000265986	9606.ENSP00000389338	9606.ENSP00000353483	9606.ENSP00000304903	9606.ENSP00000355499
3702.AT4G32750.1	9606.ENSP00000296545				9606.ENSP00000221980
3702.AT4G32850.8	9606.ENSP00000333994	9606.ENSP00000250405			9606.ENSP00000271452
3702.AT4G32910.1	9606.ENSP00000245544	9606.ENSP00000245544	9606.ENSP00000245544	9606.ENSP00000245544	9606.ENSP00000318775
3702.AT4G33270.1	9606.ENSP00000308450	9606.ENSP00000308450	9606.ENSP00000308450	9606.ENSP00000307491	9606.ENSP00000300151
3702.AT4G33430.2	9606.ENSP00000317272	9606.ENSP00000317272	9606.ENSP00000317272	9606.ENSP00000317272	9606.ENSP00000308583
3702.AT4G33690.1	9606.ENSP00000244769				9606.ENSP00000346659
3702.AT4G33950.1	9606.ENSP00000357624	9606.ENSP00000295797	9606.ENSP00000379098	9606.ENSP00000297494	9606.ENSP00000303373
3702.AT4G34000.1	9606.ENSP00000283254	9606.ENSP00000011653	9606.ENSP00000272298	9606.ENSP00000456609	9606.ENSP00000349430
3702.AT4G34160.1	9606.ENSP00000345243	9606.ENSP00000172229	9606.ENSP00000274026	9606.ENSP00000327583	9606.ENSP00000303830
3702.AT4G34210.1	9606.ENSP00000437073	9606.ENSP00000256996			
3702.AT4G34340.1	9606.ENSP00000398131	9606.ENSP00000362068	9606.ENSP00000362068	9606.ENSP00000301788	9606.ENSP00000356224
3702.AT4G34740.1	9606.ENSP00000341637				9606.ENSP00000374447
3702.AT4G35100.1	9606.ENSP00000407925				9606.ENSP00000308165
3702.AT4G35110.3	9606.ENSP00000178640				9606.ENSP00000005257
3702.AT4G35620.1	9606.ENSP00000353660	9606.ENSP00000370503			9606.ENSP00000368190
3702.AT4G36110.1	9606.ENSP00000472929	9606.ENSP00000362994			9606.ENSP00000450040
3702.AT4G36910.1	9606.ENSP00000351049	9606.ENSP00000228945		9606.ENSP00000228945	9606.ENSP00000451040
3702.AT4G37130.1	9606.ENSP00000375629	9606.ENSP00000368349			9606.ENSP00000378350
3702.AT4G37490.1	9606.ENSP00000414359	9606.ENSP00000362082	9606.ENSP00000227507	9606.ENSP00000362082	9606.ENSP00000334008
3702.AT4G37630.1	9606.ENSP00000374354	9606.ENSP00000371471	9606.ENSP00000335357	9606.ENSP00000356001	9606.ENSP00000229270
3702.AT4G37790.1	9606.ENSP00000308165				9606.ENSP00000364801
3702.AT4G38780.1	9606.ENSP00000262367	9606.ENSP00000304350		9606.ENSP00000261597	9606.ENSP00000417602
3702.AT4G38900.1	9606.ENSP00000361014	9606.ENSP00000353483			9606.ENSP00000383303
3702.AT4G39400.1	9606.ENSP00000335560	9606.ENSP00000251849	9606.ENSP00000337451	9606.ENSP00000351310	9606.ENSP00000273047
3702.AT4G40010.1	9606.ENSP00000350785	9606.ENSP00000350785	9606.ENSP00000270861	9606.ENSP00000309591	9606.ENSP00000303887
3702.AT5G01640.1	9606.ENSP00000320885	9606.ENSP00000344668		9606.ENSP00000348577	9606.ENSP00000370104
3702.AT5G01820.1	9606.ENSP00000324856	9606.ENSP00000216911	9606.ENSP00000324856	9606.ENSP00000216911	9606.ENSP00000324856
3702.AT5G02040.1	9606.ENSP00000379709	9606.ENSP00000310491			
3702.AT5G02110.1	9606.ENSP00000318684	9606.ENSP00000348944			9606.ENSP00000268389
3702.AT5G02220.1	9606.ENSP00000399168	9606.ENSP00000288135	9606.ENSP00000209728	9606.ENSP00000281821	9606.ENSP00000399168
3702.AT5G02420.1	9606.ENSP00000357150	9606.ENSP00000319240		9606.ENSP00000336552	9606.ENSP00000290472
3702.AT5G02470.1	9606.ENSP00000359910	9606.ENSP00000420616	9606.ENSP00000420616	9606.ENSP00000327145	9606.ENSP00000265171
3702.AT5G02500.1	9606.ENSP00000227378	9606.ENSP00000227378	9606.ENSP00000227378	9606.ENSP00000227378	9606.ENSP00000247207
3702.AT5G03050.1	9606.ENSP00000367064				9606.ENSP00000305480
3702.AT5G03070.1	9606.ENSP00000305480	9606.ENSP00000263681		9606.ENSP00000305480	9606.ENSP00000332455
3702.AT5G03360.1	9606.ENSP00000263980	9606.ENSP00000342235		9606.ENSP00000308925	9606.ENSP00000348442
3702.AT5G03415.1	9606.ENSP00000362334	9606.ENSP00000364519	9606.ENSP00000364519	9606.ENSP00000358866	9606.ENSP00000346839
3702.AT5G03455.1	9606.ENSP00000333001	9606.ENSP00000280154		9606.ENSP00000264645	9606.ENSP00000258302
3702.AT5G03500.1	9606.ENSP00000357051				9606.ENSP00000265564
3702.AT5G03740.1	9606.ENSP00000264072	9606.ENSP00000337825		9606.ENSP00000315152	9606.ENSP00000248566
3702.AT5G03940.1	9606.ENSP00000355517	9606.ENSP00000381377		9606.ENSP00000381377	9606.ENSP00000335560
3702.AT5G04170.1	9606.ENSP00000264933	9606.ENSP00000264933	9606.ENSP00000264933	9606.ENSP00000264933	9606.ENSP00000262768
3702.AT5G04280.1	9606.ENSP00000272317	9606.ENSP00000372105		9606.ENSP00000400591	9606.ENSP00000387356
3702.AT5G04470.1	9606.ENSP00000318486	9606.ENSP00000227752			9606.ENSP00000312027
3702.AT5G05440.1	9606.ENSP00000284981	9606.ENSP00000452780		9606.ENSP00000271452	9606.ENSP00000358153
3702.AT5G05560.1	9606.ENSP00000216225	9606.ENSP00000348838	9606.ENSP00000346987	9606.ENSP00000217169	9606.ENSP00000424328
3702.AT5G05680.1	9606.ENSP00000353654	9606.ENSP00000305372			9606.ENSP00000394394
3702.AT5G05780.1	9606.ENSP00000304102	9606.ENSP00000219313	9606.ENSP00000357879	9606.ENSP00000357879	9606.ENSP00000339740
3702.AT5G06060.1	9606.ENSP00000305071	9606.ENSP00000301286	9606.ENSP00000303525		9606.ENSP00000303525
3702.AT5G06150.1	9606.ENSP00000377055	9606.ENSP00000318486		9606.ENSP00000378786	9606.ENSP00000011653
3702.AT5G06680.1	9606.ENSP00000339221	9606.ENSP00000384330			9606.ENSP00000206474
3702.AT5G06710.1	9606.ENSP00000297183				9606.ENSP00000227378
3702.AT5G06770.1	9606.ENSP00000282344	9606.ENSP00000265560			9606.ENSP00000053243
3702.AT5G07110.1	9606.ENSP00000432279	9606.ENSP00000382697		9606.ENSP00000324897	9606.ENSP00000384018
3702.AT5G07300.1	9606.ENSP00000384582	9606.ENSP00000262662		9606.ENSP00000262662	9606.ENSP00000265310
3702.AT5G07730.1	9606.ENSP00000363019				9606.ENSP00000397644
3702.AT5G08330.1	9606.ENSP00000223642				9606.ENSP00000263238
3702.AT5G09450.1	9606.ENSP00000170630				9606.ENSP00000251849
3702.AT5G09680.1	9606.ENSP00000342011				9606.ENSP00000294008
3702.AT5G09810.1	9606.ENSP00000355645	9606.ENSP00000349960	9606.ENSP00000367220	9606.ENSP00000367220	9606.ENSP00000355645
3702.AT5G09830.1	9606.ENSP00000365048				9606.ENSP00000303276
3702.AT5G09900.3	9606.ENSP00000338235	9606.ENSP00000259457		9606.ENSP00000298852	9606.ENSP00000379098
3702.AT5G10270.1	9606.ENSP00000362361	9606.ENSP00000370938	9606.ENSP00000362361	9606.ENSP00000362361	9606.ENSP00000362361
3702.AT5G10350.1	9606.ENSP00000307199	9606.ENSP00000350491	9606.ENSP00000451320	9606.ENSP00000335357	9606.ENSP00000259818
3702.AT5G10360.1	9606.ENSP00000369757	9606.ENSP00000369757	9606.ENSP00000369757	9606.ENSP00000369757	9606.ENSP00000379891
3702.AT5G10440.1	9606.ENSP00000331172	9606.ENSP00000229251		9606.ENSP00000363999	9606.ENSP00000396505
3702.AT5G10720.1	9606.ENSP00000300093				
3702.AT5G10800.1	9606.ENSP00000330237	9606.ENSP00000307265		9606.ENSP00000295400	9606.ENSP00000325863
3702.AT5G11030.2	9606.ENSP00000311028				9606.ENSP00000222482
3702.AT5G11160.1	9606.ENSP00000290810				9606.ENSP00000417281
3702.AT5G11300.1	9606.ENSP00000274026	9606.ENSP00000220849		9606.ENSP00000220849	9606.ENSP00000372105
3702.AT5G12010.1	9606.ENSP00000466121	9606.ENSP00000356231			
3702.AT5G13220.1	9606.ENSP00000262407	9606.ENSP00000311032		9606.ENSP00000312664	9606.ENSP00000333401
3702.AT5G13330.1	9606.ENSP00000450607	9606.ENSP00000360944			9606.ENSP00000390020
3702.AT5G13480.2	9606.ENSP00000279242	9606.ENSP00000362592	9606.ENSP00000424417	9606.ENSP00000326804	9606.ENSP00000367869
3702.AT5G13840.1	9606.ENSP00000318775	9606.ENSP00000378529		9606.ENSP00000380460	9606.ENSP00000347714
3702.AT5G14170.1	9606.ENSP00000389338	9606.ENSP00000357153			9606.ENSP00000393566
3702.AT5G14760.1	9606.ENSP00000379330				9606.ENSP00000300935
3702.AT5G14930.2	9606.ENSP00000364270				9606.ENSP00000290921
3702.AT5G15210.1	9606.ENSP00000367263	9606.ENSP00000304915			
3702.AT5G15230.1	9606.ENSP00000403495				9606.ENSP00000356694
3702.AT5G15330.1	9606.ENSP00000351777				9606.ENSP00000342262
3702.AT5G15600.1	9606.ENSP00000376506				9606.ENSP00000346022
3702.AT5G16690.1	9606.ENSP00000329384	9606.ENSP00000364976			9606.ENSP00000248244
3702.AT5G16970.1	9606.ENSP00000347942	9606.ENSP00000304592	9606.ENSP00000304592	9606.ENSP00000304592	
3702.AT5G17690.1	9606.ENSP00000343463				9606.ENSP00000305653
3702.AT5G18620.2	9606.ENSP00000382863	9606.ENSP00000382863	9606.ENSP00000382863	9606.ENSP00000382863	9606.ENSP00000382863
3702.AT5G18810.1	9606.ENSP00000305372	9606.ENSP00000370119		9606.ENSP00000302160	9606.ENSP00000364709
3702.AT5G19990.1	9606.ENSP00000261303	9606.ENSP00000261303	9606.ENSP00000261601	9606.ENSP00000401802	9606.ENSP00000381412
3702.AT5G20000.1	9606.ENSP00000310572	9606.ENSP00000310572	9606.ENSP00000310572	9606.ENSP00000310572	9606.ENSP00000240139
3702.AT5G20010.1	9606.ENSP00000376176	9606.ENSP00000376176	9606.ENSP00000376176	9606.ENSP00000318684	9606.ENSP00000309474
3702.AT5G20730.1	9606.ENSP00000339155	9606.ENSP00000315112		9606.ENSP00000378350	9606.ENSP00000346046
3702.AT5G20900.1	9606.ENSP00000360525	9606.ENSP00000259711		9606.ENSP00000220429	9606.ENSP00000338057
3702.AT5G20920.1	9606.ENSP00000223321	9606.ENSP00000356070	9606.ENSP00000222005	9606.ENSP00000386029	9606.ENSP00000341189
3702.AT5G22220.2	9606.ENSP00000009530	9606.ENSP00000345571	9606.ENSP00000368686	9606.ENSP00000416387	9606.ENSP00000275493
3702.AT5G22310.1	9606.ENSP00000320503	9606.ENSP00000320503		9606.ENSP00000320503	9606.ENSP00000265056
3702.AT5G22630.1	9606.ENSP00000349313				9606.ENSP00000254942
3702.AT5G23540.1	9606.ENSP00000346762	9606.ENSP00000429931	9606.ENSP00000429931	9606.ENSP00000264639	9606.ENSP00000378306
3702.AT5G23810.1	9606.ENSP00000374332	9606.ENSP00000228872			9606.ENSP00000302176
3702.AT5G23880.1	9606.ENSP00000253099	9606.ENSP00000381717		9606.ENSP00000231487	9606.ENSP00000364589
3702.AT5G24270.1	9606.ENSP00000229328	9606.ENSP00000229328	9606.ENSP00000395323	9606.ENSP00000229328	9606.ENSP00000263895
3702.AT5G25060.1	9606.ENSP00000359518	9606.ENSP00000351310		9606.ENSP00000346839	9606.ENSP00000363516
3702.AT5G25150.1	9606.ENSP00000245907	9606.ENSP00000367869	9606.ENSP00000363313	9606.ENSP00000359531	9606.ENSP00000314299
3702.AT5G25210.1	9606.ENSP00000342300	9606.ENSP00000416387			
3702.AT5G25490.1	9606.ENSP00000380460	9606.ENSP00000354927		9606.ENSP00000370119	9606.ENSP00000329380
3702.AT5G25890.1	9606.ENSP00000399968	9606.ENSP00000311083		9606.ENSP00000314004	9606.ENSP00000225969
3702.AT5G25980.2	9606.ENSP00000346916	9606.ENSP00000360730			
3702.AT5G26860.1	9606.ENSP00000363824	9606.ENSP00000346671			9606.ENSP00000263710
3702.AT5G27080.1	9606.ENSP00000254108	9606.ENSP00000294172	9606.ENSP00000307491	9606.ENSP00000254108	9606.ENSP00000351446
3702.AT5G27320.1	9606.ENSP00000391594				
3702.AT5G27620.1	9606.ENSP00000215587	9606.ENSP00000376506	9606.ENSP00000283875	9606.ENSP00000228307	9606.ENSP00000283195
3702.AT5G27640.2	9606.ENSP00000373277	9606.ENSP00000384863		9606.ENSP00000224237	9606.ENSP00000380942
3702.AT5G27680.1	9606.ENSP00000331242	9606.ENSP00000349823			
3702.AT5G27970.2	9606.ENSP00000357721	9606.ENSP00000348822			
3702.AT5G28740.1	9606.ENSP00000412566	9606.ENSP00000342374	9606.ENSP00000272348	9606.ENSP00000357189	
3702.AT5G28823.1	9606.ENSP00000357097	9606.ENSP00000301178		9606.ENSP00000336528	9606.ENSP00000401802
3702.AT5G35410.1	9606.ENSP00000360290	9606.ENSP00000360290	9606.ENSP00000360290	9606.ENSP00000360290	9606.ENSP00000382697
3702.AT5G35590.1	9606.ENSP00000261479	9606.ENSP00000261479	9606.ENSP00000261479	9606.ENSP00000261479	9606.ENSP00000328968
3702.AT5G35750.1	9606.ENSP00000262477				9606.ENSP00000379372
3702.AT5G37020.1	9606.ENSP00000206474	9606.ENSP00000406751		9606.ENSP00000394394	9606.ENSP00000362744
3702.AT5G37650.1	9606.ENSP00000363081	9606.ENSP00000369578			
3702.AT5G37720.1	9606.ENSP00000369889	9606.ENSP00000300952		9606.ENSP00000424328	
3702.AT5G37890.1	9606.ENSP00000450635	9606.ENSP00000450635	9606.ENSP00000428209	9606.ENSP00000362578	9606.ENSP00000252951
3702.AT5G39340.1	9606.ENSP00000360181	9606.ENSP00000379891		9606.ENSP00000379891	9606.ENSP00000219252
3702.AT5G39500.1	9606.ENSP00000359000	9606.ENSP00000359000	9606.ENSP00000359000	9606.ENSP00000359000	9606.ENSP00000272645
3702.AT5G39760.1	9606.ENSP00000332455				9606.ENSP00000216330
3702.AT5G39930.1	9606.ENSP00000348170	9606.ENSP00000352516			
3702.AT5G40460.1	9606.ENSP00000357153	9606.ENSP00000326804		9606.ENSP00000415900	9606.ENSP00000385361
3702.AT5G40480.1	9606.ENSP00000364979	9606.ENSP00000269127			9606.ENSP00000308450
3702.AT5G41600.1	9606.ENSP00000377783				9606.ENSP00000290524
3702.AT5G41770.1	9606.ENSP00000469468	9606.ENSP00000302160		9606.ENSP00000365759	
3702.AT5G42080.1	9606.ENSP00000386229	9606.ENSP00000246868		9606.ENSP00000396068	
3702.AT5G42190.1	9606.ENSP00000385636	9606.ENSP00000299218			
3702.AT5G42750.1	9606.ENSP00000366237	9606.ENSP00000353099			9606.ENSP00000317955
3702.AT5G42780.1	9606.ENSP00000401303				9606.ENSP00000338160
3702.AT5G42790.1	9606.ENSP00000338990	9606.ENSP00000414359	9606.ENSP00000414359	9606.ENSP00000414359	9606.ENSP00000347979
3702.AT5G43080.1	9606.ENSP00000295901	9606.ENSP00000274026	9606.ENSP00000256442	9606.ENSP00000227507	9606.ENSP00000220429
3702.AT5G43130.2	9606.ENSP00000392828	9606.ENSP00000348168		9606.ENSP00000340823	9606.ENSP00000385616
3702.AT5G43620.1	9606.ENSP00000378699	9606.ENSP00000307863			
3702.AT5G43700.1	9606.ENSP00000308938	9606.ENSP00000242576		9606.ENSP00000318775	9606.ENSP00000435777
3702.AT5G44635.1	9606.ENSP00000264156	9606.ENSP00000355778	9606.ENSP00000263382	9606.ENSP00000254810	9606.ENSP00000284811
3702.AT5G44870.1	9606.ENSP00000393566	9606.ENSP00000428924		9606.ENSP00000357097	9606.ENSP00000215071
3702.AT5G45130.1	9606.ENSP00000469872	9606.ENSP00000273047	9606.ENSP00000264710	9606.ENSP00000385727	9606.ENSP00000327025
3702.AT5G45250.1	9606.ENSP00000341885				9606.ENSP00000172229
3702.AT5G45260.1	9606.ENSP00000339095				9606.ENSP00000269321
3702.AT5G45600.1	9606.ENSP00000351310	9606.ENSP00000229595		9606.ENSP00000445162	9606.ENSP00000263413
3702.AT5G45620.1	9606.ENSP00000432412	9606.ENSP00000248566		9606.ENSP00000290541	9606.ENSP00000291295
3702.AT5G45860.1	9606.ENSP00000361824	9606.ENSP00000283256			9606.ENSP00000355657
3702.AT5G45870.1	9606.ENSP00000456609	9606.ENSP00000303540			
3702.AT5G45900.1	9606.ENSP00000343313	9606.ENSP00000343313		9606.ENSP00000343313	9606.ENSP00000343313
3702.AT5G45970.1	9606.ENSP00000249071	9606.ENSP00000304283	9606.ENSP00000304283	9606.ENSP00000304283	9606.ENSP00000388223
3702.AT5G46190.1	9606.ENSP00000409612	9606.ENSP00000351416	9606.ENSP00000351416	9606.ENSP00000297183	9606.ENSP00000262215
3702.AT5G46690.1	9606.ENSP00000420321				9606.ENSP00000326708
3702.AT5G46760.1	9606.ENSP00000355759	9606.ENSP00000347714			9606.ENSP00000356001
3702.AT5G46780.1	9606.ENSP00000343645	9606.ENSP00000376765			9606.ENSP00000260382
3702.AT5G46790.1	9606.ENSP00000381412	9606.ENSP00000347979		9606.ENSP00000361824	9606.ENSP00000366581
3702.AT5G46920.1	9606.ENSP00000408146	9606.ENSP00000348786		9606.ENSP00000356552	9606.ENSP00000219313
3702.AT5G47310.1	9606.ENSP00000357727	9606.ENSP00000308461			
3702.AT5G47370.1	9606.ENSP00000432016				9606.ENSP00000364802
3702.AT5G47560.1	9606.ENSP00000350364	9606.ENSP00000339952		9606.ENSP00000345243	9606.ENSP00000261712
3702.AT5G47670.1	9606.ENSP00000325527	9606.ENSP00000445162			9606.ENSP00000451112
3702.AT5G48385.1	9606.ENSP00000223324				9606.ENSP00000348944
3702.AT5G48650.1	9606.ENSP00000225969				9606.ENSP00000310521
3702.AT5G48820.2	9606.ENSP00000329312	9606.ENSP00000364289	9606.ENSP00000471505		9606.ENSP00000331172
3702.AT5G49310.1	9606.ENSP00000343701	9606.ENSP00000347942		9606.ENSP00000374125	9606.ENSP00000264639
3702.AT5G49510.1	9606.ENSP00000356150	9606.ENSP00000342538		9606.ENSP00000342538	9606.ENSP00000370930
3702.AT5G49540.1	9606.ENSP00000315212				9606.ENSP00000296785
3702.AT5G49910.1	9606.ENSP00000247207	9606.ENSP00000364801	9606.ENSP00000247207	9606.ENSP00000351497	9606.ENSP00000357879
3702.AT5G49980.1	9606.ENSP00000334364	9606.ENSP00000226218			9606.ENSP00000229238
3702.AT5G50180.1	9606.ENSP00000450895	9606.ENSP00000450895	9606.ENSP00000359928	9606.ENSP00000288602	9606.ENSP00000351209
3702.AT5G50320.1	9606.ENSP00000358622	9606.ENSP00000409378			9606.ENSP00000312664
3702.AT5G51120.2	9606.ENSP00000215885	9606.ENSP00000228284	9606.ENSP00000228284	9606.ENSP00000250405	9606.ENSP00000261597
3702.AT5G51180.1	9606.ENSP00000358323	9606.ENSP00000262187			
3702.AT5G51200.1	9606.ENSP00000285968	9606.ENSP00000285968	9606.ENSP00000285968	9606.ENSP00000285968	9606.ENSP00000285968
3702.AT5G51660.1	9606.ENSP00000420959	9606.ENSP00000305790	9606.ENSP00000305790	9606.ENSP00000218147	9606.ENSP00000256996
3702.AT5G51760.1	9606.ENSP00000347979	9606.ENSP00000272298	9606.ENSP00000263212	9606.ENSP00000291295	9606.ENSP00000343282
3702.AT5G51910.1	9606.ENSP00000356713				9606.ENSP00000380795
3702.AT5G52040.2	9606.ENSP00000376965	9606.ENSP00000371532		9606.ENSP00000215956	
3702.AT5G52220.1	9606.ENSP00000472039	9606.ENSP00000376397		9606.ENSP00000369889	9606.ENSP00000316681
3702.AT5G52547.1	9606.ENSP00000370522				9606.ENSP00000344166
3702.AT5G53060.1	9606.ENSP00000307491	9606.ENSP00000377055		9606.ENSP00000370083	9606.ENSP00000365048
3702.AT5G53160.2	9606.ENSP00000390600	9606.ENSP00000420213		9606.ENSP00000420213	
3702.AT5G54580.1	9606.ENSP00000359100	9606.ENSP00000252015		9606.ENSP00000252015	9606.ENSP00000261636
3702.AT5G54900.1	9606.ENSP00000263710	9606.ENSP00000285814	9606.ENSP00000285814	9606.ENSP00000275815	9606.ENSP00000348986
3702.AT5G55180.2	9606.ENSP00000374125	9606.ENSP00000347504		9606.ENSP00000356946	
3702.AT5G55200.1	9606.ENSP00000357103	9606.ENSP00000360154			
3702.AT5G55990.1	9606.ENSP00000336655	9606.ENSP00000300403	9606.ENSP00000234310	9606.ENSP00000300403	
3702.AT5G56950.1	9606.ENSP00000251453	9606.ENSP00000270625		9606.ENSP00000362688	9606.ENSP00000272102
3702.AT5G57050.1	9606.ENSP00000291295	9606.ENSP00000396505		9606.ENSP00000347184	9606.ENSP00000352980
3702.AT5G57300.1	9606.ENSP00000356063				9606.ENSP00000261205
3702.AT5G57420.1	9606.ENSP00000336528	9606.ENSP00000386229		9606.ENSP00000389338	9606.ENSP00000313007
3702.AT5G58040.1	9606.ENSP00000251595	9606.ENSP00000391774		9606.ENSP00000266970	9606.ENSP00000406751
3702.AT5G58150.1	9606.ENSP00000337825	9606.ENSP00000299421	9606.ENSP00000220751	9606.ENSP00000337451	9606.ENSP00000304895
3702.AT5G58290.1	9606.ENSP00000157812	9606.ENSP00000157812	9606.ENSP00000157812	9606.ENSP00000215071	9606.ENSP00000421280
3702.AT5G58470.1	9606.ENSP00000410815	9606.ENSP00000219252		9606.ENSP00000220659	9606.ENSP00000313875
3702.AT5G58575.1	9606.ENSP00000320936				9606.ENSP00000386229
3702.AT5G58690.1	9606.ENSP00000381823	9606.ENSP00000301336		9606.ENSP00000379213	9606.ENSP00000419692
3702.AT5G58750.1	9606.ENSP00000223500	9606.ENSP00000253699		9606.ENSP00000283195	9606.ENSP00000363812
3702.AT5G59210.1	9606.ENSP00000302896				9606.ENSP00000164024
3702.AT5G59220.1	9606.ENSP00000421280	9606.ENSP00000336552		9606.ENSP00000336762	9606.ENSP00000350767
3702.AT5G60120.2	9606.ENSP00000365380				9606.ENSP00000360154
3702.AT5G60450.1	9606.ENSP00000325120	9606.ENSP00000384675		9606.ENSP00000348554	9606.ENSP00000302896
3702.AT5G60910.1	9606.ENSP00000162023	9606.ENSP00000162023	9606.ENSP00000162023	9606.ENSP00000162023	9606.ENSP00000250559
3702.AT5G60940.1	9606.ENSP00000315017	9606.ENSP00000307491		9606.ENSP00000281708	9606.ENSP00000231948
3702.AT5G61220.1	9606.ENSP00000386029	9606.ENSP00000450832		9606.ENSP00000431040	
3702.AT5G61480.1	9606.ENSP00000351209	9606.ENSP00000359928	9606.ENSP00000266674	9606.ENSP00000374447	9606.ENSP00000355231
3702.AT5G61500.1	9606.ENSP00000283290	9606.ENSP00000283290	9606.ENSP00000283290	9606.ENSP00000283290	9606.ENSP00000283290
3702.AT5G62000.1	9606.ENSP00000376765	9606.ENSP00000222139			9606.ENSP00000284878
3702.AT5G62270.2	9606.ENSP00000363976	9606.ENSP00000269321		9606.ENSP00000447547	9606.ENSP00000360683
3702.AT5G62350.1	9606.ENSP00000376886	9606.ENSP00000356150		9606.ENSP00000371475	9606.ENSP00000343535
3702.AT5G62380.1	9606.ENSP00000396163	9606.ENSP00000223129			9606.ENSP00000360992
3702.AT5G62920.1	9606.ENSP00000368699				9606.ENSP00000312709
3702.AT5G63370.1	9606.ENSP00000257904	9606.ENSP00000362361	9606.ENSP00000370938	9606.ENSP00000370938	9606.ENSP00000309845
3702.AT5G63650.1	9606.ENSP00000356545	9606.ENSP00000309591	9606.ENSP00000309591	9606.ENSP00000382697	9606.ENSP00000360290
3702.AT5G63960.2	9606.ENSP00000368349	9606.ENSP00000351697	9606.ENSP00000351697	9606.ENSP00000361310	9606.ENSP00000358866
3702.AT5G64200.1	9606.ENSP00000396505	9606.ENSP00000333001	9606.ENSP00000333001	9606.ENSP00000317123	9606.ENSP00000321326
3702.AT5G64200.1	9606.ENSP00000396505	9606.ENSP00000333001	9606.ENSP00000372105	9606.ENSP00000317123	9606.ENSP00000321326
3702.AT5G64270.1	9606.ENSP00000335321	9606.ENSP00000335321	9606.ENSP00000335321	9606.ENSP00000335321	9606.ENSP00000243563
3702.AT5G64430.1	9606.ENSP00000259470				9606.ENSP00000299855
3702.AT5G64760.1	9606.ENSP00000348442	9606.ENSP00000261601	9606.ENSP00000348442	9606.ENSP00000348442	9606.ENSP00000349467
3702.AT5G64813.1	9606.ENSP00000356465	9606.ENSP00000356465	9606.ENSP00000356465	9606.ENSP00000356465	9606.ENSP00000361965
3702.AT5G64900.1	9606.ENSP00000172229	9606.ENSP00000270139		9606.ENSP00000172229	
3702.AT5G65260.1	9606.ENSP00000322421	9606.ENSP00000451320		9606.ENSP00000451320	9606.ENSP00000342538
3702.AT5G65420.3	9606.ENSP00000373640	9606.ENSP00000335062			9606.ENSP00000402914
3702.AT5G65670.1	9606.ENSP00000259818	9606.ENSP00000219204		9606.ENSP00000256996	9606.ENSP00000472469
3702.AT5G65925.1	9606.ENSP00000363998	9606.ENSP00000358866			
3702.AT5G65930.3	9606.ENSP00000427900	9606.ENSP00000427900	9606.ENSP00000307078	9606.ENSP00000427900	9606.ENSP00000317468
3702.AT5G66380.1	9606.ENSP00000331310	9606.ENSP00000343957		9606.ENSP00000358165	
3702.AT5G66880.1	9606.ENSP00000420213	9606.ENSP00000381412	9606.ENSP00000350785	9606.ENSP00000381412	9606.ENSP00000346316
3702.AT5G67260.1	9606.ENSP00000321184	9606.ENSP00000309259		9606.ENSP00000257894	9606.ENSP00000009530
3702.ATCG00020.1	9606.ENSP00000267082				9606.ENSP00000364912
3702.ATCG00080.1	9606.ENSP00000226218				9606.ENSP00000377083
3702.ATCG00220.1	9606.ENSP00000339328				9606.ENSP00000229179
3702.ATCG00270.1	9606.ENSP00000361850				9606.ENSP00000269127
3702.ATCG00280.1	9606.ENSP00000336762				9606.ENSP00000265465
3702.ATCG00340.1	9606.ENSP00000370989				9606.ENSP00000228872
3702.ATCG00350.1	9606.ENSP00000359013				9606.ENSP00000266970
3702.ATCG00490.1	9606.ENSP00000304915				9606.ENSP00000370522
3702.ATCG00580.1	9606.ENSP00000323194				9606.ENSP00000368349
3702.ATCG00660.1	9606.ENSP00000305613	9606.ENSP00000341082	9606.ENSP00000341082		9606.ENSP00000362850
3702.ATCG00690.1	9606.ENSP00000339428				9606.ENSP00000338413
3702.ATCG00710.1	9606.ENSP00000402914				9606.ENSP00000369257
3702.ATCG00790.1	9606.ENSP00000222812	9606.ENSP00000431040			9606.ENSP00000370557
3702.ATCG00810.1	9606.ENSP00000254976	9606.ENSP00000225969			9606.ENSP00000273853
3702.ATCG01060.1	9606.ENSP00000335062				9606.ENSP00000274026
3702.ATMG00070.1	9606.ENSP00000409007	9606.ENSP00000322791		9606.ENSP00000336799	9606.ENSP00000372093
source	source				
target	target				
