net1_stringdb_10090	net2_stringdb_362663_hubalign	net2_stringdb_362663_alignet
10090.ENSMUSP00000000001	362663.ECP_2625	
10090.ENSMUSP00000000153	362663.ECP_0092	
10090.ENSMUSP00000000175		362663.ECP_2252
10090.ENSMUSP00000000445	362663.ECP_3233	
10090.ENSMUSP00000000451	362663.ECP_3676	
10090.ENSMUSP00000000574	362663.ECP_0853	
10090.ENSMUSP00000000642		362663.ECP_3263
10090.ENSMUSP00000000793	362663.ECP_3419	
10090.ENSMUSP00000001027		362663.ECP_1567
10090.ENSMUSP00000001548		362663.ECP_2451
10090.ENSMUSP00000001720		362663.ECP_3767
10090.ENSMUSP00000001780	362663.ECP_0581	
10090.ENSMUSP00000001806		362663.ECP_1982
10090.ENSMUSP00000001854		362663.ECP_2676
10090.ENSMUSP00000001989		362663.ECP_4205
10090.ENSMUSP00000002025		362663.ECP_2477
10090.ENSMUSP00000002084		362663.ECP_0161
10090.ENSMUSP00000002303	362663.ECP_1312	
10090.ENSMUSP00000002398	362663.ECP_3489	
10090.ENSMUSP00000002846		362663.ECP_1258
10090.ENSMUSP00000002848	362663.ECP_2827	
10090.ENSMUSP00000002925		362663.ECP_0489
10090.ENSMUSP00000003079	362663.ECP_3422	
10090.ENSMUSP00000003207	362663.ECP_4121	362663.ECP_0537
10090.ENSMUSP00000003351	362663.ECP_2760	
10090.ENSMUSP00000003370	362663.ECP_2182	
10090.ENSMUSP00000003468		362663.ECP_0825
10090.ENSMUSP00000003612	362663.ECP_1693	
10090.ENSMUSP00000003640	362663.ECP_3483	
10090.ENSMUSP00000003906		362663.ECP_1662
10090.ENSMUSP00000003907		362663.ECP_0039
10090.ENSMUSP00000003964	362663.ECP_4057	362663.ECP_3524
10090.ENSMUSP00000004076	362663.ECP_0737	
10090.ENSMUSP00000004202		362663.ECP_4572
10090.ENSMUSP00000004232		362663.ECP_4090
10090.ENSMUSP00000004326		362663.ECP_3053
10090.ENSMUSP00000004327		362663.ECP_1796
10090.ENSMUSP00000004381		362663.ECP_2849
10090.ENSMUSP00000004986	362663.ECP_4224	
10090.ENSMUSP00000004990	362663.ECP_4498	
10090.ENSMUSP00000005066	362663.ECP_2152	
10090.ENSMUSP00000005069		362663.ECP_4757
10090.ENSMUSP00000005077	362663.ECP_2351	
10090.ENSMUSP00000005164	362663.ECP_0625	362663.ECP_1371
10090.ENSMUSP00000005406	362663.ECP_0070	
10090.ENSMUSP00000005606	362663.ECP_0071	362663.ECP_4250
10090.ENSMUSP00000005671	362663.ECP_4276	
10090.ENSMUSP00000005719	362663.ECP_0192	
10090.ENSMUSP00000005810		362663.ECP_1793
10090.ENSMUSP00000005817		362663.ECP_2340
10090.ENSMUSP00000005964		362663.ECP_0421
10090.ENSMUSP00000006005	362663.ECP_3057	
10090.ENSMUSP00000006508		362663.ECP_3540
10090.ENSMUSP00000006611		362663.ECP_0128
10090.ENSMUSP00000006669		362663.ECP_0122
10090.ENSMUSP00000006692		362663.ECP_0480
10090.ENSMUSP00000006914		362663.ECP_2388
10090.ENSMUSP00000007005		362663.ECP_4058
10090.ENSMUSP00000007012		362663.ECP_1601
10090.ENSMUSP00000007130		362663.ECP_0059
10090.ENSMUSP00000007248		362663.ECP_0014
10090.ENSMUSP00000007433	362663.ECP_4236	
10090.ENSMUSP00000007449		362663.ECP_3686
10090.ENSMUSP00000007814	362663.ECP_3259	
10090.ENSMUSP00000008004		362663.ECP_4016
10090.ENSMUSP00000008966		362663.ECP_2470
10090.ENSMUSP00000009058		362663.ECP_2921
10090.ENSMUSP00000009174	362663.ECP_3668	
10090.ENSMUSP00000009689	362663.ECP_4467	
10090.ENSMUSP00000010007		362663.ECP_0736
10090.ENSMUSP00000010127		362663.ECP_0479
10090.ENSMUSP00000010205	362663.ECP_4500	
10090.ENSMUSP00000010348		362663.ECP_3565
10090.ENSMUSP00000011058		362663.ECP_0739
10090.ENSMUSP00000011315	362663.ECP_0733	
10090.ENSMUSP00000011492		362663.ECP_0490
10090.ENSMUSP00000011896		362663.ECP_0766
10090.ENSMUSP00000012262		362663.ECP_0182
10090.ENSMUSP00000013458		362663.ECP_2129
10090.ENSMUSP00000013773		362663.ECP_4495
10090.ENSMUSP00000014545		362663.ECP_2444
10090.ENSMUSP00000015160		362663.ECP_0037
10090.ENSMUSP00000015171		362663.ECP_3993
10090.ENSMUSP00000015278		362663.ECP_1420
10090.ENSMUSP00000015484	362663.ECP_4278	
10090.ENSMUSP00000015680		362663.ECP_0799
10090.ENSMUSP00000015855		362663.ECP_2504
10090.ENSMUSP00000015941		362663.ECP_3766
10090.ENSMUSP00000015950		362663.ECP_0505
10090.ENSMUSP00000016105		362663.ECP_1489
10090.ENSMUSP00000016471	362663.ECP_1285	
10090.ENSMUSP00000016672	362663.ECP_3965	
10090.ENSMUSP00000017151		362663.ECP_0080
10090.ENSMUSP00000017455	362663.ECP_1649	
10090.ENSMUSP00000017460	362663.ECP_0662	
10090.ENSMUSP00000017534		362663.ECP_2135
10090.ENSMUSP00000017552	362663.ECP_0538	
10090.ENSMUSP00000017604	362663.ECP_0795	
10090.ENSMUSP00000018186		362663.ECP_3020
10090.ENSMUSP00000018610		362663.ECP_4500
10090.ENSMUSP00000018803		362663.ECP_1584
10090.ENSMUSP00000018990		362663.ECP_2565
10090.ENSMUSP00000019064	362663.ECP_2640	
10090.ENSMUSP00000019071	362663.ECP_2309	
10090.ENSMUSP00000019266	362663.ECP_4494	
10090.ENSMUSP00000019290	362663.ECP_3532	
10090.ENSMUSP00000019323		362663.ECP_3319
10090.ENSMUSP00000019445		362663.ECP_0618
10090.ENSMUSP00000019608	362663.ECP_3908	
10090.ENSMUSP00000019701	362663.ECP_4757	
10090.ENSMUSP00000019721		362663.ECP_3298
10090.ENSMUSP00000019862		362663.ECP_0054
10090.ENSMUSP00000019882	362663.ECP_3035	
10090.ENSMUSP00000019911		362663.ECP_3706
10090.ENSMUSP00000019977		362663.ECP_2308
10090.ENSMUSP00000020034		362663.ECP_0036
10090.ENSMUSP00000020040	362663.ECP_0771	
10090.ENSMUSP00000020107	362663.ECP_2330	
10090.ENSMUSP00000020161		362663.ECP_2868
10090.ENSMUSP00000020165	362663.ECP_0038	
10090.ENSMUSP00000020169		362663.ECP_4767
10090.ENSMUSP00000020277		362663.ECP_1113
10090.ENSMUSP00000020278	362663.ECP_3226	
10090.ENSMUSP00000020361		362663.ECP_2682
10090.ENSMUSP00000020497		362663.ECP_2898
10090.ENSMUSP00000020629		362663.ECP_2133
10090.ENSMUSP00000020634	362663.ECP_0159	
10090.ENSMUSP00000020677		362663.ECP_0179
10090.ENSMUSP00000020706	362663.ECP_1489	
10090.ENSMUSP00000020756		362663.ECP_3252
10090.ENSMUSP00000020768		362663.ECP_3713
10090.ENSMUSP00000020843		362663.ECP_3341
10090.ENSMUSP00000020877	362663.ECP_0462	
10090.ENSMUSP00000020886		362663.ECP_4154
10090.ENSMUSP00000020920	362663.ECP_2915	
10090.ENSMUSP00000020930	362663.ECP_0650	
10090.ENSMUSP00000020948		362663.ECP_1349
10090.ENSMUSP00000020970		362663.ECP_2899
10090.ENSMUSP00000020980		362663.ECP_2278
10090.ENSMUSP00000020984	362663.ECP_2379	
10090.ENSMUSP00000020990	362663.ECP_2278	
10090.ENSMUSP00000021065	362663.ECP_2896	
10090.ENSMUSP00000021066	362663.ECP_4326	
10090.ENSMUSP00000021114		362663.ECP_0768
10090.ENSMUSP00000021119		362663.ECP_3943
10090.ENSMUSP00000021282		362663.ECP_2559
10090.ENSMUSP00000021283	362663.ECP_2532	
10090.ENSMUSP00000021313		362663.ECP_0104
10090.ENSMUSP00000021370		362663.ECP_3616
10090.ENSMUSP00000021372		362663.ECP_2762
10090.ENSMUSP00000021405	362663.ECP_0387	
10090.ENSMUSP00000021413	362663.ECP_3713	
10090.ENSMUSP00000021424		362663.ECP_1757
10090.ENSMUSP00000021550		362663.ECP_4034
10090.ENSMUSP00000021573		362663.ECP_2728
10090.ENSMUSP00000021605		362663.ECP_0985
10090.ENSMUSP00000021649		362663.ECP_3698
10090.ENSMUSP00000021652		362663.ECP_4238
10090.ENSMUSP00000021653		362663.ECP_4327
10090.ENSMUSP00000021661		362663.ECP_0685
10090.ENSMUSP00000021726		362663.ECP_4422
10090.ENSMUSP00000021729	362663.ECP_3083	
10090.ENSMUSP00000021734	362663.ECP_4768	
10090.ENSMUSP00000021750	362663.ECP_0079	
10090.ENSMUSP00000021898	362663.ECP_4093	
10090.ENSMUSP00000021907		362663.ECP_4481
10090.ENSMUSP00000021913		362663.ECP_3676
10090.ENSMUSP00000021920		362663.ECP_3205
10090.ENSMUSP00000021932	362663.ECP_4156	
10090.ENSMUSP00000022013	362663.ECP_0665	
10090.ENSMUSP00000022062		362663.ECP_0735
10090.ENSMUSP00000022104		362663.ECP_2206
10090.ENSMUSP00000022136		362663.ECP_3902
10090.ENSMUSP00000022218		362663.ECP_0048
10090.ENSMUSP00000022232		362663.ECP_4151
10090.ENSMUSP00000022235	362663.ECP_3340	
10090.ENSMUSP00000022268		362663.ECP_0959
10090.ENSMUSP00000022311		362663.ECP_1087
10090.ENSMUSP00000022322		362663.ECP_1707
10090.ENSMUSP00000022480		362663.ECP_0737
10090.ENSMUSP00000022529		362663.ECP_2929
10090.ENSMUSP00000022567	362663.ECP_1083	
10090.ENSMUSP00000022573		362663.ECP_0420
10090.ENSMUSP00000022639	362663.ECP_4252	
10090.ENSMUSP00000022718	362663.ECP_2830	
10090.ENSMUSP00000022858		362663.ECP_3450
10090.ENSMUSP00000022901		362663.ECP_2765
10090.ENSMUSP00000022993		362663.ECP_3590
10090.ENSMUSP00000023007	362663.ECP_2485	
10090.ENSMUSP00000023043		362663.ECP_1126
10090.ENSMUSP00000023050	362663.ECP_1505	
10090.ENSMUSP00000023100		362663.ECP_1633
10090.ENSMUSP00000023113	362663.ECP_3041	
10090.ENSMUSP00000023116		362663.ECP_0784
10090.ENSMUSP00000023132	362663.ECP_3450	
10090.ENSMUSP00000023133	362663.ECP_1623	
10090.ENSMUSP00000023231		362663.ECP_2092
10090.ENSMUSP00000023237		362663.ECP_0541
10090.ENSMUSP00000023285		362663.ECP_1334
10090.ENSMUSP00000023289		362663.ECP_4187
10090.ENSMUSP00000023364		362663.ECP_4404
10090.ENSMUSP00000023390	362663.ECP_0440	
10090.ENSMUSP00000023393		362663.ECP_3526
10090.ENSMUSP00000023432		362663.ECP_1509
10090.ENSMUSP00000023462	362663.ECP_0093	
10090.ENSMUSP00000023467	362663.ECP_4327	
10090.ENSMUSP00000023507		362663.ECP_0566
10090.ENSMUSP00000023510		362663.ECP_3740
10090.ENSMUSP00000023538	362663.ECP_2665	
10090.ENSMUSP00000023559		362663.ECP_2379
10090.ENSMUSP00000023589	362663.ECP_1090	
10090.ENSMUSP00000023598		362663.ECP_4487
10090.ENSMUSP00000023673		362663.ECP_3878
10090.ENSMUSP00000023677		362663.ECP_0535
10090.ENSMUSP00000023684		362663.ECP_2502
10090.ENSMUSP00000023707		362663.ECP_1658
10090.ENSMUSP00000023760		362663.ECP_4440
10090.ENSMUSP00000023769	362663.ECP_1661	
10090.ENSMUSP00000023814	362663.ECP_3208	
10090.ENSMUSP00000023884		362663.ECP_2933
10090.ENSMUSP00000023959	362663.ECP_0738	
10090.ENSMUSP00000024004	362663.ECP_3698	
10090.ENSMUSP00000024031		362663.ECP_4170
10090.ENSMUSP00000024099		362663.ECP_0789
10090.ENSMUSP00000024206	362663.ECP_2335	
10090.ENSMUSP00000024823		362663.ECP_1597
10090.ENSMUSP00000024866		362663.ECP_2860
10090.ENSMUSP00000024887		362663.ECP_0491
10090.ENSMUSP00000024944		362663.ECP_4488
10090.ENSMUSP00000024978	362663.ECP_3043	362663.ECP_2523
10090.ENSMUSP00000024988	362663.ECP_2686	
10090.ENSMUSP00000025007		362663.ECP_3747
10090.ENSMUSP00000025019	362663.ECP_2477	
10090.ENSMUSP00000025025	362663.ECP_0029	
10090.ENSMUSP00000025065		362663.ECP_4209
10090.ENSMUSP00000025106	362663.ECP_1349	
10090.ENSMUSP00000025183	362663.ECP_4228	
10090.ENSMUSP00000025197		362663.ECP_2920
10090.ENSMUSP00000025338	362663.ECP_3962	362663.ECP_3551
10090.ENSMUSP00000025379		362663.ECP_0572
10090.ENSMUSP00000025395	362663.ECP_0678	
10090.ENSMUSP00000025402	362663.ECP_4242	
10090.ENSMUSP00000025439		362663.ECP_3152
10090.ENSMUSP00000025468	362663.ECP_0088	
10090.ENSMUSP00000025483		362663.ECP_0325
10090.ENSMUSP00000025484		362663.ECP_0536
10090.ENSMUSP00000025541	362663.ECP_1361	
10090.ENSMUSP00000025542		362663.ECP_0918
10090.ENSMUSP00000025546		362663.ECP_4303
10090.ENSMUSP00000025561	362663.ECP_1566	
10090.ENSMUSP00000025602	362663.ECP_2750	
10090.ENSMUSP00000025778		362663.ECP_2896
10090.ENSMUSP00000025791	362663.ECP_2535	
10090.ENSMUSP00000025835		362663.ECP_1085
10090.ENSMUSP00000025842	362663.ECP_0169	
10090.ENSMUSP00000025850	362663.ECP_2803	
10090.ENSMUSP00000025867	362663.ECP_3503	
10090.ENSMUSP00000025912	362663.ECP_1974	
10090.ENSMUSP00000025956	362663.ECP_2851	
10090.ENSMUSP00000025979		362663.ECP_0272
10090.ENSMUSP00000026012		362663.ECP_1010
10090.ENSMUSP00000026050		362663.ECP_1670
10090.ENSMUSP00000026119	362663.ECP_2526	
10090.ENSMUSP00000026129		362663.ECP_3141
10090.ENSMUSP00000026133		362663.ECP_0445
10090.ENSMUSP00000026144		362663.ECP_4113
10090.ENSMUSP00000026148		362663.ECP_2072
10090.ENSMUSP00000026196		362663.ECP_1556
10090.ENSMUSP00000026266		362663.ECP_1245
10090.ENSMUSP00000026289		362663.ECP_1975
10090.ENSMUSP00000026322	362663.ECP_2076	
10090.ENSMUSP00000026414		362663.ECP_4015
10090.ENSMUSP00000026452	362663.ECP_2683	
10090.ENSMUSP00000026459		362663.ECP_3931
10090.ENSMUSP00000026462		362663.ECP_1523
10090.ENSMUSP00000026466	362663.ECP_1556	
10090.ENSMUSP00000026470		362663.ECP_1308
10090.ENSMUSP00000026495		362663.ECP_1875
10090.ENSMUSP00000026538		362663.ECP_4456
10090.ENSMUSP00000026572	362663.ECP_1308	
10090.ENSMUSP00000026576		362663.ECP_2476
10090.ENSMUSP00000026613		362663.ECP_1561
10090.ENSMUSP00000026617		362663.ECP_2082
10090.ENSMUSP00000026672	362663.ECP_4275	
10090.ENSMUSP00000026677		362663.ECP_3871
10090.ENSMUSP00000026723		362663.ECP_0133
10090.ENSMUSP00000026817	362663.ECP_2601	
10090.ENSMUSP00000026839		362663.ECP_4337
10090.ENSMUSP00000026841		362663.ECP_4465
10090.ENSMUSP00000026846		362663.ECP_2840
10090.ENSMUSP00000026937		362663.ECP_2534
10090.ENSMUSP00000027067		362663.ECP_1287
10090.ENSMUSP00000027083	362663.ECP_1480	
10090.ENSMUSP00000027137		362663.ECP_2949
10090.ENSMUSP00000027144		362663.ECP_3457
10090.ENSMUSP00000027153		362663.ECP_2900
10090.ENSMUSP00000027157		362663.ECP_3471
10090.ENSMUSP00000027232		362663.ECP_4494
10090.ENSMUSP00000027372	362663.ECP_2864	
10090.ENSMUSP00000027384		362663.ECP_4219
10090.ENSMUSP00000027431	362663.ECP_4023	
10090.ENSMUSP00000027440	362663.ECP_0123	
10090.ENSMUSP00000027444	362663.ECP_4383	
10090.ENSMUSP00000027455		362663.ECP_0442
10090.ENSMUSP00000027491		362663.ECP_3708
10090.ENSMUSP00000027503		362663.ECP_2330
10090.ENSMUSP00000027517		362663.ECP_1247
10090.ENSMUSP00000027560	362663.ECP_3747	
10090.ENSMUSP00000027726		362663.ECP_3285
10090.ENSMUSP00000027810		362663.ECP_1555
10090.ENSMUSP00000027839		362663.ECP_2106
10090.ENSMUSP00000027852	362663.ECP_1794	
10090.ENSMUSP00000027860	362663.ECP_2082	
10090.ENSMUSP00000027863	362663.ECP_0431	362663.ECP_2414
10090.ENSMUSP00000027955		362663.ECP_1342
10090.ENSMUSP00000027973		362663.ECP_4148
10090.ENSMUSP00000027981		362663.ECP_3722
10090.ENSMUSP00000027989		362663.ECP_0626
10090.ENSMUSP00000028004		362663.ECP_2335
10090.ENSMUSP00000028005		362663.ECP_0387
10090.ENSMUSP00000028123		362663.ECP_1715
10090.ENSMUSP00000028148		362663.ECP_4155
10090.ENSMUSP00000028162		362663.ECP_3532
10090.ENSMUSP00000028223		362663.ECP_4156
10090.ENSMUSP00000028233	362663.ECP_1516	
10090.ENSMUSP00000028286		362663.ECP_3107
10090.ENSMUSP00000028294	362663.ECP_2470	
10090.ENSMUSP00000028328	362663.ECP_1275	
10090.ENSMUSP00000028355	362663.ECP_0132	
10090.ENSMUSP00000028430		362663.ECP_0947
10090.ENSMUSP00000028494		362663.ECP_2566
10090.ENSMUSP00000028533	362663.ECP_3229	
10090.ENSMUSP00000028554		362663.ECP_2562
10090.ENSMUSP00000028610		362663.ECP_1678
10090.ENSMUSP00000028619		362663.ECP_0614
10090.ENSMUSP00000028624		362663.ECP_2653
10090.ENSMUSP00000028636		362663.ECP_1516
10090.ENSMUSP00000028681	362663.ECP_4364	
10090.ENSMUSP00000028704		362663.ECP_3055
10090.ENSMUSP00000028804	362663.ECP_1131	
10090.ENSMUSP00000028835		362663.ECP_1852
10090.ENSMUSP00000028846	362663.ECP_2857	
10090.ENSMUSP00000028892		362663.ECP_2307
10090.ENSMUSP00000028944		362663.ECP_1969
10090.ENSMUSP00000028970	362663.ECP_1124	
10090.ENSMUSP00000029030	362663.ECP_1617	
10090.ENSMUSP00000029084	362663.ECP_0174	
10090.ENSMUSP00000029131		362663.ECP_1013
10090.ENSMUSP00000029147		362663.ECP_2535
10090.ENSMUSP00000029172	362663.ECP_2207	
10090.ENSMUSP00000029201	362663.ECP_4422	
10090.ENSMUSP00000029326	362663.ECP_3269	
10090.ENSMUSP00000029331	362663.ECP_2853	
10090.ENSMUSP00000029405		362663.ECP_2509
10090.ENSMUSP00000029445	362663.ECP_0143	
10090.ENSMUSP00000029463		362663.ECP_0625
10090.ENSMUSP00000029464		362663.ECP_3056
10090.ENSMUSP00000029489		362663.ECP_2176
10090.ENSMUSP00000029564		362663.ECP_3274
10090.ENSMUSP00000029610		362663.ECP_4059
10090.ENSMUSP00000029611		362663.ECP_2185
10090.ENSMUSP00000029632		362663.ECP_3691
10090.ENSMUSP00000029670	362663.ECP_0618	
10090.ENSMUSP00000029741	362663.ECP_1007	
10090.ENSMUSP00000029769		362663.ECP_0123
10090.ENSMUSP00000029770		362663.ECP_0209
10090.ENSMUSP00000029787		362663.ECP_0127
10090.ENSMUSP00000029822	362663.ECP_4148	
10090.ENSMUSP00000029975	362663.ECP_3759	
10090.ENSMUSP00000029987		362663.ECP_3756
10090.ENSMUSP00000029991		362663.ECP_3073
10090.ENSMUSP00000030010		362663.ECP_4253
10090.ENSMUSP00000030018		362663.ECP_3023
10090.ENSMUSP00000030074		362663.ECP_0417
10090.ENSMUSP00000030090		362663.ECP_0432
10090.ENSMUSP00000030189		362663.ECP_3167
10090.ENSMUSP00000030201		362663.ECP_3720
10090.ENSMUSP00000030384	362663.ECP_1900	
10090.ENSMUSP00000030401		362663.ECP_0492
10090.ENSMUSP00000030417	362663.ECP_1255	
10090.ENSMUSP00000030432		362663.ECP_0076
10090.ENSMUSP00000030446		362663.ECP_4210
10090.ENSMUSP00000030455		362663.ECP_3679
10090.ENSMUSP00000030464	362663.ECP_3167	
10090.ENSMUSP00000030524		362663.ECP_1296
10090.ENSMUSP00000030528		362663.ECP_4019
10090.ENSMUSP00000030561	362663.ECP_0768	
10090.ENSMUSP00000030562	362663.ECP_0735	
10090.ENSMUSP00000030581		362663.ECP_0711
10090.ENSMUSP00000030693	362663.ECP_2528	
10090.ENSMUSP00000030803	362663.ECP_1955	
10090.ENSMUSP00000030815	362663.ECP_3758	
10090.ENSMUSP00000030830		362663.ECP_1794
10090.ENSMUSP00000030834		362663.ECP_0581
10090.ENSMUSP00000030845		362663.ECP_3738
10090.ENSMUSP00000030931		362663.ECP_3732
10090.ENSMUSP00000030935		362663.ECP_0779
10090.ENSMUSP00000030939		362663.ECP_2615
10090.ENSMUSP00000030940	362663.ECP_3977	
10090.ENSMUSP00000030964		362663.ECP_3952
10090.ENSMUSP00000031018		362663.ECP_2983
10090.ENSMUSP00000031053		362663.ECP_2662
10090.ENSMUSP00000031086	362663.ECP_4465	
10090.ENSMUSP00000031093	362663.ECP_1567	
10090.ENSMUSP00000031101		362663.ECP_0658
10090.ENSMUSP00000031103		362663.ECP_3978
10090.ENSMUSP00000031117		362663.ECP_0690
10090.ENSMUSP00000031143		362663.ECP_2600
10090.ENSMUSP00000031160		362663.ECP_2904
10090.ENSMUSP00000031167	362663.ECP_1584	
10090.ENSMUSP00000031172	362663.ECP_3952	
10090.ENSMUSP00000031195		362663.ECP_3656
10090.ENSMUSP00000031201		362663.ECP_1937
10090.ENSMUSP00000031255		362663.ECP_3687
10090.ENSMUSP00000031319	362663.ECP_3341	
10090.ENSMUSP00000031320	362663.ECP_0492	
10090.ENSMUSP00000031326	362663.ECP_0744	
10090.ENSMUSP00000031327	362663.ECP_2266	
10090.ENSMUSP00000031399		362663.ECP_4772
10090.ENSMUSP00000031410	362663.ECP_4277	
10090.ENSMUSP00000031445		362663.ECP_4301
10090.ENSMUSP00000031524		362663.ECP_2306
10090.ENSMUSP00000031583		362663.ECP_1974
10090.ENSMUSP00000031594		362663.ECP_4223
10090.ENSMUSP00000031673	362663.ECP_2738	
10090.ENSMUSP00000031707		362663.ECP_4171
10090.ENSMUSP00000031726	362663.ECP_2391	
10090.ENSMUSP00000031766		362663.ECP_0686
10090.ENSMUSP00000031788		362663.ECP_3215
10090.ENSMUSP00000031835		362663.ECP_3163
10090.ENSMUSP00000031843	362663.ECP_0266	
10090.ENSMUSP00000031897		362663.ECP_4224
10090.ENSMUSP00000031982		362663.ECP_4277
10090.ENSMUSP00000032122	362663.ECP_0031	
10090.ENSMUSP00000032152	362663.ECP_2983	
10090.ENSMUSP00000032175		362663.ECP_3375
10090.ENSMUSP00000032192	362663.ECP_4510	
10090.ENSMUSP00000032317	362663.ECP_4399	
10090.ENSMUSP00000032331	362663.ECP_4206	
10090.ENSMUSP00000032344	362663.ECP_2476	
10090.ENSMUSP00000032371	362663.ECP_3757	362663.ECP_0709
10090.ENSMUSP00000032373		362663.ECP_2736
10090.ENSMUSP00000032399	362663.ECP_0014	
10090.ENSMUSP00000032413		362663.ECP_0790
10090.ENSMUSP00000032419		362663.ECP_3286
10090.ENSMUSP00000032555		362663.ECP_4118
10090.ENSMUSP00000032561	362663.ECP_0855	
10090.ENSMUSP00000032703		362663.ECP_4489
10090.ENSMUSP00000032747		362663.ECP_3748
10090.ENSMUSP00000032762	362663.ECP_3902	
10090.ENSMUSP00000032843		362663.ECP_2321
10090.ENSMUSP00000032856		362663.ECP_0734
10090.ENSMUSP00000032907	362663.ECP_0175	
10090.ENSMUSP00000032912		362663.ECP_0109
10090.ENSMUSP00000032920		362663.ECP_0477
10090.ENSMUSP00000032967		362663.ECP_0660
10090.ENSMUSP00000033054	362663.ECP_4303	
10090.ENSMUSP00000033060		362663.ECP_1481
10090.ENSMUSP00000033075		362663.ECP_3828
10090.ENSMUSP00000033086		362663.ECP_3633
10090.ENSMUSP00000033098		362663.ECP_3963
10090.ENSMUSP00000033123		362663.ECP_0901
10090.ENSMUSP00000033159		362663.ECP_2422
10090.ENSMUSP00000033189	362663.ECP_4170	
10090.ENSMUSP00000033230		362663.ECP_0885
10090.ENSMUSP00000033276		362663.ECP_3996
10090.ENSMUSP00000033283		362663.ECP_2277
10090.ENSMUSP00000033415		362663.ECP_1686
10090.ENSMUSP00000033553		362663.ECP_4063
10090.ENSMUSP00000033567		362663.ECP_2194
10090.ENSMUSP00000033585		362663.ECP_3214
10090.ENSMUSP00000033610	362663.ECP_4274	
10090.ENSMUSP00000033621		362663.ECP_3619
10090.ENSMUSP00000033634		362663.ECP_1083
10090.ENSMUSP00000033643		362663.ECP_3631
10090.ENSMUSP00000033652		362663.ECP_2076
10090.ENSMUSP00000033717		362663.ECP_3426
10090.ENSMUSP00000033730	362663.ECP_0032	
10090.ENSMUSP00000033765	362663.ECP_4770	
10090.ENSMUSP00000033776		362663.ECP_3254
10090.ENSMUSP00000033809		362663.ECP_2062
10090.ENSMUSP00000033930	362663.ECP_4400	
10090.ENSMUSP00000033966		362663.ECP_1090
10090.ENSMUSP00000033990		362663.ECP_3530
10090.ENSMUSP00000034029	362663.ECP_1977	
10090.ENSMUSP00000034046		362663.ECP_4398
10090.ENSMUSP00000034058		362663.ECP_0628
10090.ENSMUSP00000034097		362663.ECP_0939
10090.ENSMUSP00000034136		362663.ECP_2329
10090.ENSMUSP00000034172		362663.ECP_4443
10090.ENSMUSP00000034173		362663.ECP_3183
10090.ENSMUSP00000034189		362663.ECP_1528
10090.ENSMUSP00000034198	362663.ECP_0080	
10090.ENSMUSP00000034296	362663.ECP_0489	
10090.ENSMUSP00000034304		362663.ECP_1007
10090.ENSMUSP00000034313	362663.ECP_1118	
10090.ENSMUSP00000034325	362663.ECP_4058	
10090.ENSMUSP00000034443	362663.ECP_1294	
10090.ENSMUSP00000034547		362663.ECP_2380
10090.ENSMUSP00000034552		362663.ECP_4077
10090.ENSMUSP00000034567		362663.ECP_4275
10090.ENSMUSP00000034570		362663.ECP_2739
10090.ENSMUSP00000034584		362663.ECP_0430
10090.ENSMUSP00000034586		362663.ECP_0945
10090.ENSMUSP00000034588		362663.ECP_4251
10090.ENSMUSP00000034801		362663.ECP_4280
10090.ENSMUSP00000034822		362663.ECP_4399
10090.ENSMUSP00000034834	362663.ECP_0770	362663.ECP_1623
10090.ENSMUSP00000034856		362663.ECP_1557
10090.ENSMUSP00000034860		362663.ECP_2202
10090.ENSMUSP00000034865		362663.ECP_0213
10090.ENSMUSP00000034866		362663.ECP_1645
10090.ENSMUSP00000034902		362663.ECP_4278
10090.ENSMUSP00000034903		362663.ECP_2134
10090.ENSMUSP00000034905		362663.ECP_4276
10090.ENSMUSP00000034949	362663.ECP_3471	
10090.ENSMUSP00000034983	362663.ECP_3136	
10090.ENSMUSP00000034984	362663.ECP_3979	
10090.ENSMUSP00000034992		362663.ECP_4152
10090.ENSMUSP00000035031		362663.ECP_0669
10090.ENSMUSP00000035037	362663.ECP_4495	
10090.ENSMUSP00000035053	362663.ECP_2071	362663.ECP_3999
10090.ENSMUSP00000035116		362663.ECP_2768
10090.ENSMUSP00000035120	362663.ECP_0121	
10090.ENSMUSP00000035194	362663.ECP_1561	
10090.ENSMUSP00000035246		362663.ECP_3345
10090.ENSMUSP00000035325		362663.ECP_0983
10090.ENSMUSP00000035417	362663.ECP_1369	362663.ECP_1798
10090.ENSMUSP00000035486		362663.ECP_1592
10090.ENSMUSP00000035551	362663.ECP_4187	
10090.ENSMUSP00000035564		362663.ECP_2074
10090.ENSMUSP00000035743		362663.ECP_3522
10090.ENSMUSP00000035879		362663.ECP_2297
10090.ENSMUSP00000036025		362663.ECP_3525
10090.ENSMUSP00000036044	362663.ECP_2168	
10090.ENSMUSP00000036087	362663.ECP_0531	
10090.ENSMUSP00000036140		362663.ECP_1648
10090.ENSMUSP00000036141		362663.ECP_0689
10090.ENSMUSP00000036159	362663.ECP_1013	
10090.ENSMUSP00000036178		362663.ECP_1550
10090.ENSMUSP00000036320	362663.ECP_3522	
10090.ENSMUSP00000036596	362663.ECP_4152	
10090.ENSMUSP00000036621		362663.ECP_2882
10090.ENSMUSP00000036696		362663.ECP_2093
10090.ENSMUSP00000036830	362663.ECP_3302	
10090.ENSMUSP00000036881		362663.ECP_4339
10090.ENSMUSP00000036898		362663.ECP_2089
10090.ENSMUSP00000036998		362663.ECP_0944
10090.ENSMUSP00000037045	362663.ECP_2475	
10090.ENSMUSP00000037198		362663.ECP_2726
10090.ENSMUSP00000037255	362663.ECP_3102	
10090.ENSMUSP00000037258		362663.ECP_4516
10090.ENSMUSP00000037348		362663.ECP_1003
10090.ENSMUSP00000037416	362663.ECP_4397	
10090.ENSMUSP00000037454		362663.ECP_3730
10090.ENSMUSP00000037712	362663.ECP_4125	
10090.ENSMUSP00000037900		362663.ECP_2281
10090.ENSMUSP00000038005	362663.ECP_4155	
10090.ENSMUSP00000038069		362663.ECP_0627
10090.ENSMUSP00000038409	362663.ECP_3126	
10090.ENSMUSP00000038473	362663.ECP_4614	
10090.ENSMUSP00000038532	362663.ECP_0133	
10090.ENSMUSP00000038540		362663.ECP_1581
10090.ENSMUSP00000038739		362663.ECP_4770
10090.ENSMUSP00000038749	362663.ECP_0734	
10090.ENSMUSP00000038761	362663.ECP_0709	
10090.ENSMUSP00000038763		362663.ECP_3218
10090.ENSMUSP00000038833	362663.ECP_1283	
10090.ENSMUSP00000038838	362663.ECP_1703	
10090.ENSMUSP00000038884	362663.ECP_1309	
10090.ENSMUSP00000038901		362663.ECP_0969
10090.ENSMUSP00000038931		362663.ECP_0696
10090.ENSMUSP00000039040	362663.ECP_3756	
10090.ENSMUSP00000039107	362663.ECP_0761	
10090.ENSMUSP00000039114		362663.ECP_2677
10090.ENSMUSP00000039271		362663.ECP_2663
10090.ENSMUSP00000039600	362663.ECP_1557	
10090.ENSMUSP00000039657	362663.ECP_2736	
10090.ENSMUSP00000039668	362663.ECP_2089	
10090.ENSMUSP00000039980		362663.ECP_1692
10090.ENSMUSP00000040033	362663.ECP_0839	
10090.ENSMUSP00000040138		362663.ECP_0488
10090.ENSMUSP00000040180	362663.ECP_2414	
10090.ENSMUSP00000040207	362663.ECP_2733	
10090.ENSMUSP00000040244		362663.ECP_2895
10090.ENSMUSP00000040307	362663.ECP_4253	
10090.ENSMUSP00000040580		362663.ECP_1728
10090.ENSMUSP00000040591		362663.ECP_2624
10090.ENSMUSP00000040599		362663.ECP_0142
10090.ENSMUSP00000040628	362663.ECP_0054	
10090.ENSMUSP00000040853		362663.ECP_2931
10090.ENSMUSP00000040860		362663.ECP_1760
10090.ENSMUSP00000041047	362663.ECP_3963	
10090.ENSMUSP00000041061	362663.ECP_0408	
10090.ENSMUSP00000041110		362663.ECP_0761
10090.ENSMUSP00000041204		362663.ECP_3282
10090.ENSMUSP00000041260		362663.ECP_2769
10090.ENSMUSP00000041442		362663.ECP_2309
10090.ENSMUSP00000041524	362663.ECP_3738	
10090.ENSMUSP00000041636	362663.ECP_2193	
10090.ENSMUSP00000041702		362663.ECP_4159
10090.ENSMUSP00000041906		362663.ECP_1340
10090.ENSMUSP00000042019		362663.ECP_2665
10090.ENSMUSP00000042026		362663.ECP_0691
10090.ENSMUSP00000042232	362663.ECP_0086	
10090.ENSMUSP00000042327	362663.ECP_2062	
10090.ENSMUSP00000042374	362663.ECP_4375	
10090.ENSMUSP00000042405	362663.ECP_2444	
10090.ENSMUSP00000042632	362663.ECP_4225	
10090.ENSMUSP00000042705	362663.ECP_2682	
10090.ENSMUSP00000042785		362663.ECP_0028
10090.ENSMUSP00000042987	362663.ECP_0949	
10090.ENSMUSP00000043061		362663.ECP_2526
10090.ENSMUSP00000043090		362663.ECP_0429
10090.ENSMUSP00000043099	362663.ECP_2677	
10090.ENSMUSP00000043146	362663.ECP_4173	
10090.ENSMUSP00000043302	362663.ECP_4270	
10090.ENSMUSP00000043522	362663.ECP_2438	
10090.ENSMUSP00000043562		362663.ECP_4188
10090.ENSMUSP00000043566	362663.ECP_0696	
10090.ENSMUSP00000043909		362663.ECP_4139
10090.ENSMUSP00000043926		362663.ECP_0267
10090.ENSMUSP00000043956	362663.ECP_0139	
10090.ENSMUSP00000044012		362663.ECP_1283
10090.ENSMUSP00000044288		362663.ECP_2935
10090.ENSMUSP00000044352	362663.ECP_0686	
10090.ENSMUSP00000044556		362663.ECP_2787
10090.ENSMUSP00000044573	362663.ECP_0218	
10090.ENSMUSP00000044582	362663.ECP_4438	
10090.ENSMUSP00000044660	362663.ECP_4059	
10090.ENSMUSP00000044718	362663.ECP_3316	
10090.ENSMUSP00000044730	362663.ECP_3094	
10090.ENSMUSP00000044937		362663.ECP_2883
10090.ENSMUSP00000045160		362663.ECP_2304
10090.ENSMUSP00000045272		362663.ECP_1762
10090.ENSMUSP00000045285		362663.ECP_3574
10090.ENSMUSP00000045335	362663.ECP_0974	
10090.ENSMUSP00000045530	362663.ECP_3691	
10090.ENSMUSP00000045606		362663.ECP_2266
10090.ENSMUSP00000045709	362663.ECP_2358	
10090.ENSMUSP00000045803	362663.ECP_0491	
10090.ENSMUSP00000045808		362663.ECP_3035
10090.ENSMUSP00000045838	362663.ECP_0267	
10090.ENSMUSP00000045841		362663.ECP_1446
10090.ENSMUSP00000046012	362663.ECP_2134	
10090.ENSMUSP00000046218		362663.ECP_0069
10090.ENSMUSP00000046233	362663.ECP_0944	
10090.ENSMUSP00000046301	362663.ECP_3920	
10090.ENSMUSP00000046324		362663.ECP_3094
10090.ENSMUSP00000046539	362663.ECP_0535	
10090.ENSMUSP00000046557	362663.ECP_0327	
10090.ENSMUSP00000046585		362663.ECP_4400
10090.ENSMUSP00000046601	362663.ECP_2524	
10090.ENSMUSP00000046920	362663.ECP_3996	
10090.ENSMUSP00000047218		362663.ECP_2359
10090.ENSMUSP00000047254		362663.ECP_3667
10090.ENSMUSP00000047353	362663.ECP_0947	
10090.ENSMUSP00000047358	362663.ECP_2277	
10090.ENSMUSP00000047376		362663.ECP_0550
10090.ENSMUSP00000047393		362663.ECP_4781
10090.ENSMUSP00000047441		362663.ECP_4257
10090.ENSMUSP00000047480		362663.ECP_1719
10090.ENSMUSP00000047564		362663.ECP_2071
10090.ENSMUSP00000047586	362663.ECP_1597	
10090.ENSMUSP00000047646	362663.ECP_2909	
10090.ENSMUSP00000047712		362663.ECP_4515
10090.ENSMUSP00000047761		362663.ECP_0574
10090.ENSMUSP00000047774	362663.ECP_0447	
10090.ENSMUSP00000047888	362663.ECP_1796	
10090.ENSMUSP00000047900	362663.ECP_3375	
10090.ENSMUSP00000048001		362663.ECP_2275
10090.ENSMUSP00000048092	362663.ECP_2652	
10090.ENSMUSP00000048111		362663.ECP_2755
10090.ENSMUSP00000048222		362663.ECP_2152
10090.ENSMUSP00000048313		362663.ECP_1309
10090.ENSMUSP00000048573		362663.ECP_2283
10090.ENSMUSP00000048576	362663.ECP_2133	
10090.ENSMUSP00000048643		362663.ECP_3757
10090.ENSMUSP00000048736	362663.ECP_3748	
10090.ENSMUSP00000048740	362663.ECP_1371	
10090.ENSMUSP00000048830		362663.ECP_2601
10090.ENSMUSP00000048862		362663.ECP_4256
10090.ENSMUSP00000048929		362663.ECP_4467
10090.ENSMUSP00000049007	362663.ECP_1757	
10090.ENSMUSP00000049175	362663.ECP_1232	
10090.ENSMUSP00000049228		362663.ECP_0771
10090.ENSMUSP00000049355		362663.ECP_2288
10090.ENSMUSP00000049391		362663.ECP_2182
10090.ENSMUSP00000049394		362663.ECP_3095
10090.ENSMUSP00000049414	362663.ECP_2202	
10090.ENSMUSP00000049454	362663.ECP_1256	
10090.ENSMUSP00000049558	362663.ECP_4590	
10090.ENSMUSP00000049569	362663.ECP_1006	
10090.ENSMUSP00000049578	362663.ECP_4257	
10090.ENSMUSP00000049584	362663.ECP_3999	
10090.ENSMUSP00000049592	362663.ECP_0183	
10090.ENSMUSP00000049601	362663.ECP_0676	
10090.ENSMUSP00000049714	362663.ECP_3347	
10090.ENSMUSP00000049733	362663.ECP_2471	
10090.ENSMUSP00000049834		362663.ECP_0886
10090.ENSMUSP00000049885	362663.ECP_3224	
10090.ENSMUSP00000049909	362663.ECP_3980	
10090.ENSMUSP00000049930	362663.ECP_3223	
10090.ENSMUSP00000049938	362663.ECP_3435	
10090.ENSMUSP00000049963	362663.ECP_1403	
10090.ENSMUSP00000050061		362663.ECP_2668
10090.ENSMUSP00000050398		362663.ECP_3126
10090.ENSMUSP00000050406	362663.ECP_0842	
10090.ENSMUSP00000050412	362663.ECP_2176	
10090.ENSMUSP00000050544	362663.ECP_0845	
10090.ENSMUSP00000050553	362663.ECP_1125	
10090.ENSMUSP00000050578	362663.ECP_3113	
10090.ENSMUSP00000050632	362663.ECP_1128	
10090.ENSMUSP00000050768	362663.ECP_0945	
10090.ENSMUSP00000050788	362663.ECP_3510	362663.ECP_1001
10090.ENSMUSP00000050833	362663.ECP_1190	
10090.ENSMUSP00000050897	362663.ECP_2826	
10090.ENSMUSP00000050903	362663.ECP_0877	
10090.ENSMUSP00000050940		362663.ECP_3741
10090.ENSMUSP00000051027	362663.ECP_0876	
10090.ENSMUSP00000051085	362663.ECP_4223	
10090.ENSMUSP00000051215		362663.ECP_2387
10090.ENSMUSP00000051280	362663.ECP_1827	
10090.ENSMUSP00000051348	362663.ECP_3131	
10090.ENSMUSP00000051353	362663.ECP_2064	
10090.ENSMUSP00000051368	362663.ECP_2142	
10090.ENSMUSP00000051392	362663.ECP_1477	
10090.ENSMUSP00000051482	362663.ECP_4251	
10090.ENSMUSP00000051537	362663.ECP_0948	
10090.ENSMUSP00000051569		362663.ECP_1084
10090.ENSMUSP00000051619	362663.ECP_2685	
10090.ENSMUSP00000051631	362663.ECP_0946	
10090.ENSMUSP00000051749	362663.ECP_2463	
10090.ENSMUSP00000051830		362663.ECP_4023
10090.ENSMUSP00000051879	362663.ECP_0189	
10090.ENSMUSP00000051933	362663.ECP_3147	
10090.ENSMUSP00000052043	362663.ECP_0122	
10090.ENSMUSP00000052079	362663.ECP_4301	
10090.ENSMUSP00000052080	362663.ECP_3964	
10090.ENSMUSP00000052092	362663.ECP_0048	
10090.ENSMUSP00000052151	362663.ECP_0480	
10090.ENSMUSP00000052153	362663.ECP_0027	
10090.ENSMUSP00000052190	362663.ECP_4088	
10090.ENSMUSP00000052226		362663.ECP_3685
10090.ENSMUSP00000052306		362663.ECP_4127
10090.ENSMUSP00000052396	362663.ECP_3319	
10090.ENSMUSP00000052418	362663.ECP_3210	
10090.ENSMUSP00000052425	362663.ECP_0104	
10090.ENSMUSP00000052426	362663.ECP_3746	
10090.ENSMUSP00000052441	362663.ECP_0463	
10090.ENSMUSP00000052444	362663.ECP_1497	
10090.ENSMUSP00000052592		362663.ECP_1641
10090.ENSMUSP00000052610	362663.ECP_2565	
10090.ENSMUSP00000052662	362663.ECP_0477	
10090.ENSMUSP00000052872		362663.ECP_0193
10090.ENSMUSP00000052894	362663.ECP_4468	
10090.ENSMUSP00000052995	362663.ECP_3706	
10090.ENSMUSP00000053101		362663.ECP_2941
10090.ENSMUSP00000053105	362663.ECP_4499	
10090.ENSMUSP00000053192	362663.ECP_4034	
10090.ENSMUSP00000053262	362663.ECP_2868	
10090.ENSMUSP00000053309	362663.ECP_0399	
10090.ENSMUSP00000053317	362663.ECP_2762	
10090.ENSMUSP00000053353	362663.ECP_3250	
10090.ENSMUSP00000053359	362663.ECP_1293	
10090.ENSMUSP00000053405	362663.ECP_1290	
10090.ENSMUSP00000053489	362663.ECP_1287	
10090.ENSMUSP00000053523	362663.ECP_2233	
10090.ENSMUSP00000053638	362663.ECP_0798	
10090.ENSMUSP00000053671		362663.ECP_4590
10090.ENSMUSP00000053700	362663.ECP_0410	
10090.ENSMUSP00000053703	362663.ECP_0626	
10090.ENSMUSP00000053818	362663.ECP_3337	
10090.ENSMUSP00000053819	362663.ECP_2481	
10090.ENSMUSP00000053834	362663.ECP_3279	
10090.ENSMUSP00000053887	362663.ECP_2297	
10090.ENSMUSP00000053971		362663.ECP_4397
10090.ENSMUSP00000053986	362663.ECP_3565	
10090.ENSMUSP00000054062	362663.ECP_3152	
10090.ENSMUSP00000054104	362663.ECP_0566	
10090.ENSMUSP00000054210	362663.ECP_0568	
10090.ENSMUSP00000054270	362663.ECP_0788	
10090.ENSMUSP00000054355	362663.ECP_2882	
10090.ENSMUSP00000054361	362663.ECP_2520	
10090.ENSMUSP00000054426	362663.ECP_0825	
10090.ENSMUSP00000054494	362663.ECP_4755	
10090.ENSMUSP00000054533	362663.ECP_0170	
10090.ENSMUSP00000054536	362663.ECP_0221	
10090.ENSMUSP00000054607	362663.ECP_2329	
10090.ENSMUSP00000054645	362663.ECP_0731	
10090.ENSMUSP00000054673	362663.ECP_2552	
10090.ENSMUSP00000054710	362663.ECP_4164	
10090.ENSMUSP00000054752	362663.ECP_0914	
10090.ENSMUSP00000054776	362663.ECP_3214	
10090.ENSMUSP00000054778	362663.ECP_1793	
10090.ENSMUSP00000054782		362663.ECP_4614
10090.ENSMUSP00000054790	362663.ECP_2898	
10090.ENSMUSP00000054797		362663.ECP_3250
10090.ENSMUSP00000054798	362663.ECP_2296	
10090.ENSMUSP00000054924	362663.ECP_3274	
10090.ENSMUSP00000054927	362663.ECP_0182	
10090.ENSMUSP00000054949	362663.ECP_4128	
10090.ENSMUSP00000055053	362663.ECP_4029	
10090.ENSMUSP00000055137	362663.ECP_4040	
10090.ENSMUSP00000055193	362663.ECP_4028	
10090.ENSMUSP00000055207	362663.ECP_0939	
10090.ENSMUSP00000055221	362663.ECP_0695	
10090.ENSMUSP00000055256	362663.ECP_2263	
10090.ENSMUSP00000055308	362663.ECP_0777	
10090.ENSMUSP00000055334	362663.ECP_0002	
10090.ENSMUSP00000055344	362663.ECP_0541	
10090.ENSMUSP00000055394	362663.ECP_1627	
10090.ENSMUSP00000055427	362663.ECP_2304	
10090.ENSMUSP00000055435	362663.ECP_4772	
10090.ENSMUSP00000055455		362663.ECP_3459
10090.ENSMUSP00000055579	362663.ECP_0476	
10090.ENSMUSP00000055664	362663.ECP_1550	
10090.ENSMUSP00000055721	362663.ECP_2765	
10090.ENSMUSP00000055724	362663.ECP_0766	
10090.ENSMUSP00000055743		362663.ECP_1703
10090.ENSMUSP00000055746	362663.ECP_1039	
10090.ENSMUSP00000055797	362663.ECP_2188	
10090.ENSMUSP00000055803		362663.ECP_0767
10090.ENSMUSP00000055860	362663.ECP_4781	
10090.ENSMUSP00000055869	362663.ECP_0037	
10090.ENSMUSP00000055870	362663.ECP_4200	
10090.ENSMUSP00000055880	362663.ECP_0767	
10090.ENSMUSP00000055931	362663.ECP_0074	
10090.ENSMUSP00000055958		362663.ECP_3553
10090.ENSMUSP00000055961	362663.ECP_0073	
10090.ENSMUSP00000055975	362663.ECP_4243	
10090.ENSMUSP00000056003	362663.ECP_0028	
10090.ENSMUSP00000056040	362663.ECP_3252	
10090.ENSMUSP00000056152		362663.ECP_4498
10090.ENSMUSP00000056181	362663.ECP_2728	
10090.ENSMUSP00000056195		362663.ECP_0431
10090.ENSMUSP00000056282		362663.ECP_1761
10090.ENSMUSP00000056448	362663.ECP_1841	
10090.ENSMUSP00000056457	362663.ECP_1879	
10090.ENSMUSP00000056500	362663.ECP_3415	
10090.ENSMUSP00000056502		362663.ECP_4088
10090.ENSMUSP00000056576	362663.ECP_0879	
10090.ENSMUSP00000056581	362663.ECP_0036	
10090.ENSMUSP00000056669	362663.ECP_0824	
10090.ENSMUSP00000056956	362663.ECP_0076	
10090.ENSMUSP00000056970	362663.ECP_2906	
10090.ENSMUSP00000057086	362663.ECP_2935	
10090.ENSMUSP00000057148	362663.ECP_1481	
10090.ENSMUSP00000057197		362663.ECP_4029
10090.ENSMUSP00000057210	362663.ECP_1609	
10090.ENSMUSP00000057212	362663.ECP_3296	
10090.ENSMUSP00000057416	362663.ECP_1598	
10090.ENSMUSP00000057468	362663.ECP_4683	
10090.ENSMUSP00000057527		362663.ECP_1078
10090.ENSMUSP00000057543	362663.ECP_2576	
10090.ENSMUSP00000057635		362663.ECP_0183
10090.ENSMUSP00000057858		362663.ECP_1537
10090.ENSMUSP00000057859		362663.ECP_3542
10090.ENSMUSP00000057952	362663.ECP_2916	
10090.ENSMUSP00000058040	362663.ECP_2130	
10090.ENSMUSP00000058101	362663.ECP_2247	
10090.ENSMUSP00000058119	362663.ECP_1469	
10090.ENSMUSP00000058167	362663.ECP_1277	
10090.ENSMUSP00000058201	362663.ECP_1276	
10090.ENSMUSP00000058242	362663.ECP_3298	
10090.ENSMUSP00000058346	362663.ECP_0902	
10090.ENSMUSP00000058355	362663.ECP_2951	
10090.ENSMUSP00000058372	362663.ECP_0901	
10090.ENSMUSP00000058454	362663.ECP_0900	
10090.ENSMUSP00000058544	362663.ECP_0975	
10090.ENSMUSP00000058587	362663.ECP_3729	
10090.ENSMUSP00000058679	362663.ECP_2063	
10090.ENSMUSP00000058683		362663.ECP_2906
10090.ENSMUSP00000058691	362663.ECP_4201	
10090.ENSMUSP00000058732	362663.ECP_1683	
10090.ENSMUSP00000058786	362663.ECP_4787	
10090.ENSMUSP00000058912	362663.ECP_0775	
10090.ENSMUSP00000058931	362663.ECP_0776	
10090.ENSMUSP00000058956	362663.ECP_0779	
10090.ENSMUSP00000059034	362663.ECP_4202	
10090.ENSMUSP00000059078	362663.ECP_4250	
10090.ENSMUSP00000059289		362663.ECP_1586
10090.ENSMUSP00000059395		362663.ECP_4338
10090.ENSMUSP00000059540	362663.ECP_0574	
10090.ENSMUSP00000059544	362663.ECP_4481	
10090.ENSMUSP00000059548	362663.ECP_0407	
10090.ENSMUSP00000059679	362663.ECP_1191	
10090.ENSMUSP00000059705	362663.ECP_1802	
10090.ENSMUSP00000059719	362663.ECP_2929	
10090.ENSMUSP00000059747	362663.ECP_0670	
10090.ENSMUSP00000059776	362663.ECP_0836	
10090.ENSMUSP00000059801		362663.ECP_3755
10090.ENSMUSP00000059849	362663.ECP_3207	
10090.ENSMUSP00000060003	362663.ECP_0454	
10090.ENSMUSP00000060110	362663.ECP_2502	
10090.ENSMUSP00000060346		362663.ECP_0738
10090.ENSMUSP00000060671		362663.ECP_2867
10090.ENSMUSP00000060774		362663.ECP_2856
10090.ENSMUSP00000060776	362663.ECP_4154	
10090.ENSMUSP00000060835		362663.ECP_0797
10090.ENSMUSP00000061045		362663.ECP_1263
10090.ENSMUSP00000061153	362663.ECP_0698	
10090.ENSMUSP00000061185	362663.ECP_0009	
10090.ENSMUSP00000061410	362663.ECP_2359	
10090.ENSMUSP00000061560	362663.ECP_4280	
10090.ENSMUSP00000061570	362663.ECP_2877	
10090.ENSMUSP00000061580	362663.ECP_0530	
10090.ENSMUSP00000061622	362663.ECP_0740	
10090.ENSMUSP00000061660	362663.ECP_0739	
10090.ENSMUSP00000061674	362663.ECP_0577	
10090.ENSMUSP00000061693	362663.ECP_0736	
10090.ENSMUSP00000061754	362663.ECP_3230	
10090.ENSMUSP00000061764	362663.ECP_2653	
10090.ENSMUSP00000061835		362663.ECP_4468
10090.ENSMUSP00000061851		362663.ECP_2391
10090.ENSMUSP00000061861	362663.ECP_1420	
10090.ENSMUSP00000061929	362663.ECP_2600	
10090.ENSMUSP00000061963	362663.ECP_3737	
10090.ENSMUSP00000061991	362663.ECP_4219	362663.ECP_1361
10090.ENSMUSP00000062002	362663.ECP_3951	
10090.ENSMUSP00000062039		362663.ECP_0984
10090.ENSMUSP00000062221		362663.ECP_3654
10090.ENSMUSP00000062256	362663.ECP_1565	
10090.ENSMUSP00000062356	362663.ECP_2643	
10090.ENSMUSP00000062385	362663.ECP_2556	
10090.ENSMUSP00000062434	362663.ECP_2503	
10090.ENSMUSP00000062444	362663.ECP_3995	
10090.ENSMUSP00000062459	362663.ECP_3459	
10090.ENSMUSP00000062460	362663.ECP_4126	
10090.ENSMUSP00000062507	362663.ECP_2446	
10090.ENSMUSP00000062588	362663.ECP_1084	
10090.ENSMUSP00000062607	362663.ECP_3938	
10090.ENSMUSP00000062677	362663.ECP_0572	
10090.ENSMUSP00000062692	362663.ECP_2842	
10090.ENSMUSP00000062700	362663.ECP_2919	
10090.ENSMUSP00000062834		362663.ECP_2576
10090.ENSMUSP00000062864	362663.ECP_0125	
10090.ENSMUSP00000062985	362663.ECP_4149	
10090.ENSMUSP00000063062	362663.ECP_2523	
10090.ENSMUSP00000063066		362663.ECP_4225
10090.ENSMUSP00000063109	362663.ECP_3877	
10090.ENSMUSP00000063136	362663.ECP_0575	
10090.ENSMUSP00000063194	362663.ECP_4765	
10090.ENSMUSP00000063329	362663.ECP_3470	
10090.ENSMUSP00000063431	362663.ECP_4766	
10090.ENSMUSP00000063520	362663.ECP_2664	
10090.ENSMUSP00000063538	362663.ECP_1670	
10090.ENSMUSP00000063562	362663.ECP_1581	
10090.ENSMUSP00000063590		362663.ECP_3428
10090.ENSMUSP00000063670	362663.ECP_0609	
10090.ENSMUSP00000063714	362663.ECP_2441	
10090.ENSMUSP00000063825		362663.ECP_0032
10090.ENSMUSP00000063986	362663.ECP_2782	
10090.ENSMUSP00000064158		362663.ECP_2729
10090.ENSMUSP00000064201	362663.ECP_2509	
10090.ENSMUSP00000064276		362663.ECP_4362
10090.ENSMUSP00000064280	362663.ECP_3905	
10090.ENSMUSP00000064392	362663.ECP_0251	
10090.ENSMUSP00000064467		362663.ECP_4383
10090.ENSMUSP00000064755		362663.ECP_2905
10090.ENSMUSP00000064849		362663.ECP_2587
10090.ENSMUSP00000065089		362663.ECP_0251
10090.ENSMUSP00000065157	362663.ECP_4077	
10090.ENSMUSP00000065196	362663.ECP_4151	
10090.ENSMUSP00000065322	362663.ECP_1555	
10090.ENSMUSP00000065535	362663.ECP_3364	
10090.ENSMUSP00000065542		362663.ECP_0386
10090.ENSMUSP00000065544		362663.ECP_1693
10090.ENSMUSP00000065658		362663.ECP_4774
10090.ENSMUSP00000065719		362663.ECP_1082
10090.ENSMUSP00000065799	362663.ECP_2457	
10090.ENSMUSP00000065836		362663.ECP_3305
10090.ENSMUSP00000066040		362663.ECP_3718
10090.ENSMUSP00000066238	362663.ECP_3053	
10090.ENSMUSP00000066381	362663.ECP_3601	
10090.ENSMUSP00000066426		362663.ECP_2208
10090.ENSMUSP00000066524	362663.ECP_2306	
10090.ENSMUSP00000066714	362663.ECP_2860	
10090.ENSMUSP00000066822	362663.ECP_3933	
10090.ENSMUSP00000066878		362663.ECP_3965
10090.ENSMUSP00000066915		362663.ECP_0038
10090.ENSMUSP00000066971	362663.ECP_2430	
10090.ENSMUSP00000067013	362663.ECP_3921	
10090.ENSMUSP00000067082	362663.ECP_0601	
10090.ENSMUSP00000067552		362663.ECP_3210
10090.ENSMUSP00000067640	362663.ECP_3216	
10090.ENSMUSP00000067734	362663.ECP_0537	
10090.ENSMUSP00000067964	362663.ECP_3934	
10090.ENSMUSP00000068173	362663.ECP_2862	
10090.ENSMUSP00000068282		362663.ECP_4333
10090.ENSMUSP00000068298	362663.ECP_4235	
10090.ENSMUSP00000068318		362663.ECP_1547
10090.ENSMUSP00000068568		362663.ECP_2465
10090.ENSMUSP00000068578	362663.ECP_2501	
10090.ENSMUSP00000068650	362663.ECP_2861	
10090.ENSMUSP00000068803		362663.ECP_1748
10090.ENSMUSP00000068940		362663.ECP_0620
10090.ENSMUSP00000069011	362663.ECP_0193	362663.ECP_0530
10090.ENSMUSP00000069081		362663.ECP_3306
10090.ENSMUSP00000069300	362663.ECP_2768	
10090.ENSMUSP00000069359		362663.ECP_2861
10090.ENSMUSP00000069495		362663.ECP_2242
10090.ENSMUSP00000069508		362663.ECP_1661
10090.ENSMUSP00000069539		362663.ECP_2355
10090.ENSMUSP00000069567	362663.ECP_0790	
10090.ENSMUSP00000069670		362663.ECP_3149
10090.ENSMUSP00000069699		362663.ECP_3456
10090.ENSMUSP00000069774		362663.ECP_1310
10090.ENSMUSP00000069957	362663.ECP_0602	
10090.ENSMUSP00000070259	362663.ECP_2451	
10090.ENSMUSP00000070303		362663.ECP_0950
10090.ENSMUSP00000070368		362663.ECP_3675
10090.ENSMUSP00000070414		362663.ECP_2171
10090.ENSMUSP00000070583		362663.ECP_3709
10090.ENSMUSP00000070658	362663.ECP_2069	
10090.ENSMUSP00000070751		362663.ECP_2441
10090.ENSMUSP00000070758	362663.ECP_3366	
10090.ENSMUSP00000070840	362663.ECP_2663	
10090.ENSMUSP00000070865		362663.ECP_3498
10090.ENSMUSP00000070871		362663.ECP_3502
10090.ENSMUSP00000070872	362663.ECP_2920	
10090.ENSMUSP00000071132	362663.ECP_0690	
10090.ENSMUSP00000071195	362663.ECP_0023	
10090.ENSMUSP00000071200	362663.ECP_3036	
10090.ENSMUSP00000071208	362663.ECP_3928	
10090.ENSMUSP00000071214		362663.ECP_4342
10090.ENSMUSP00000071224	362663.ECP_0474	
10090.ENSMUSP00000071231		362663.ECP_3503
10090.ENSMUSP00000071351		362663.ECP_0791
10090.ENSMUSP00000071513	362663.ECP_3708	
10090.ENSMUSP00000071553	362663.ECP_3433	
10090.ENSMUSP00000071583	362663.ECP_3020	
10090.ENSMUSP00000071604	362663.ECP_0868	
10090.ENSMUSP00000071615	362663.ECP_3943	
10090.ENSMUSP00000071626	362663.ECP_3056	
10090.ENSMUSP00000071667	362663.ECP_3544	
10090.ENSMUSP00000071710	362663.ECP_3871	
10090.ENSMUSP00000071744	362663.ECP_2948	
10090.ENSMUSP00000071835	362663.ECP_1798	
10090.ENSMUSP00000071918	362663.ECP_2068	
10090.ENSMUSP00000071933		362663.ECP_3063
10090.ENSMUSP00000071935	362663.ECP_2066	
10090.ENSMUSP00000071941	362663.ECP_1467	
10090.ENSMUSP00000071985	362663.ECP_0550	
10090.ENSMUSP00000072016	362663.ECP_2897	
10090.ENSMUSP00000072074		362663.ECP_1690
10090.ENSMUSP00000072084		362663.ECP_2450
10090.ENSMUSP00000072121		362663.ECP_0788
10090.ENSMUSP00000072137	362663.ECP_1641	
10090.ENSMUSP00000072158	362663.ECP_4487	
10090.ENSMUSP00000072195		362663.ECP_0454
10090.ENSMUSP00000072207	362663.ECP_4074	
10090.ENSMUSP00000072231	362663.ECP_2205	
10090.ENSMUSP00000072237	362663.ECP_2905	
10090.ENSMUSP00000072329	362663.ECP_0059	
10090.ENSMUSP00000072330	362663.ECP_3755	
10090.ENSMUSP00000072334	362663.ECP_3745	
10090.ENSMUSP00000072407	362663.ECP_4105	
10090.ENSMUSP00000072445	362663.ECP_2206	
10090.ENSMUSP00000072481		362663.ECP_2200
10090.ENSMUSP00000072483		362663.ECP_2857
10090.ENSMUSP00000072514	362663.ECP_4104	
10090.ENSMUSP00000072598		362663.ECP_3182
10090.ENSMUSP00000072620		362663.ECP_2760
10090.ENSMUSP00000072631	362663.ECP_0039	
10090.ENSMUSP00000072686	362663.ECP_0689	
10090.ENSMUSP00000072735	362663.ECP_0272	
10090.ENSMUSP00000072741	362663.ECP_1686	
10090.ENSMUSP00000072744	362663.ECP_2106	
10090.ENSMUSP00000072756	362663.ECP_4508	
10090.ENSMUSP00000072758	362663.ECP_3546	
10090.ENSMUSP00000072800	362663.ECP_0421	
10090.ENSMUSP00000072803		362663.ECP_1529
10090.ENSMUSP00000072810	362663.ECP_3548	
10090.ENSMUSP00000072847	362663.ECP_1828	
10090.ENSMUSP00000072947	362663.ECP_3549	
10090.ENSMUSP00000072979	362663.ECP_0109	
10090.ENSMUSP00000073046	362663.ECP_2840	
10090.ENSMUSP00000073102		362663.ECP_0577
10090.ENSMUSP00000073152		362663.ECP_0568
10090.ENSMUSP00000073190		362663.ECP_4093
10090.ENSMUSP00000073268	362663.ECP_4256	
10090.ENSMUSP00000073296	362663.ECP_0797	
10090.ENSMUSP00000073320	362663.ECP_2660	
10090.ENSMUSP00000073345	362663.ECP_0669	
10090.ENSMUSP00000073352	362663.ECP_4774	
10090.ENSMUSP00000073356	362663.ECP_4209	
10090.ENSMUSP00000073383	362663.ECP_2172	
10090.ENSMUSP00000073409	362663.ECP_2726	
10090.ENSMUSP00000073444		362663.ECP_2855
10090.ENSMUSP00000073558	362663.ECP_3571	
10090.ENSMUSP00000073707	362663.ECP_2895	
10090.ENSMUSP00000073764		362663.ECP_1977
10090.ENSMUSP00000073818	362663.ECP_0921	
10090.ENSMUSP00000073835	362663.ECP_0179	
10090.ENSMUSP00000073843	362663.ECP_2500	
10090.ENSMUSP00000073884	362663.ECP_1334	
10090.ENSMUSP00000073918	362663.ECP_0888	
10090.ENSMUSP00000073919	362663.ECP_1508	
10090.ENSMUSP00000073963	362663.ECP_3726	
10090.ENSMUSP00000074128	362663.ECP_2268	
10090.ENSMUSP00000074137	362663.ECP_2336	
10090.ENSMUSP00000074151	362663.ECP_2355	
10090.ENSMUSP00000074190		362663.ECP_0744
10090.ENSMUSP00000074193	362663.ECP_2467	
10090.ENSMUSP00000074195		362663.ECP_0974
10090.ENSMUSP00000074242	362663.ECP_2824	
10090.ENSMUSP00000074259	362663.ECP_2492	
10090.ENSMUSP00000074290		362663.ECP_4135
10090.ENSMUSP00000074299	362663.ECP_3572	
10090.ENSMUSP00000074317		362663.ECP_1421
10090.ENSMUSP00000074343	362663.ECP_4027	
10090.ENSMUSP00000074347		362663.ECP_2552
10090.ENSMUSP00000074361	362663.ECP_2208	
10090.ENSMUSP00000074402	362663.ECP_2129	
10090.ENSMUSP00000074415	362663.ECP_3168	
10090.ENSMUSP00000074423	362663.ECP_3760	
10090.ENSMUSP00000074435	362663.ECP_1245	
10090.ENSMUSP00000074436		362663.ECP_0949
10090.ENSMUSP00000074509	362663.ECP_3575	
10090.ENSMUSP00000074600		362663.ECP_2683
10090.ENSMUSP00000074672	362663.ECP_3619	
10090.ENSMUSP00000074825	362663.ECP_2209	
10090.ENSMUSP00000074868	362663.ECP_1680	
10090.ENSMUSP00000074885	362663.ECP_1093	
10090.ENSMUSP00000074914	362663.ECP_4081	
10090.ENSMUSP00000074916	362663.ECP_3540	
10090.ENSMUSP00000074919	362663.ECP_4184	
10090.ENSMUSP00000075041	362663.ECP_1446	
10090.ENSMUSP00000075066	362663.ECP_3263	
10090.ENSMUSP00000075089		362663.ECP_2734
10090.ENSMUSP00000075102	362663.ECP_1690	
10090.ENSMUSP00000075107		362663.ECP_2853
10090.ENSMUSP00000075164	362663.ECP_2422	
10090.ENSMUSP00000075170	362663.ECP_2465	
10090.ENSMUSP00000075248	362663.ECP_4337	
10090.ENSMUSP00000075255		362663.ECP_4174
10090.ENSMUSP00000075398	362663.ECP_4218	
10090.ENSMUSP00000075483	362663.ECP_2387	
10090.ENSMUSP00000075509	362663.ECP_3967	
10090.ENSMUSP00000075600	362663.ECP_3456	
10090.ENSMUSP00000075612	362663.ECP_3457	
10090.ENSMUSP00000075614		362663.ECP_0902
10090.ENSMUSP00000075637	362663.ECP_0590	
10090.ENSMUSP00000075669	362663.ECP_2354	
10090.ENSMUSP00000075729	362663.ECP_2559	
10090.ENSMUSP00000075741	362663.ECP_2904	
10090.ENSMUSP00000075773		362663.ECP_0888
10090.ENSMUSP00000075834	362663.ECP_2941	
10090.ENSMUSP00000075863	362663.ECP_3264	
10090.ENSMUSP00000075970	362663.ECP_2200	
10090.ENSMUSP00000075971	362663.ECP_1078	
10090.ENSMUSP00000076039	362663.ECP_3917	
10090.ENSMUSP00000076043	362663.ECP_4207	
10090.ENSMUSP00000076080	362663.ECP_2224	
10090.ENSMUSP00000076091	362663.ECP_3502	
10090.ENSMUSP00000076107	362663.ECP_2753	
10090.ENSMUSP00000076122	362663.ECP_2388	
10090.ENSMUSP00000076155	362663.ECP_3218	
10090.ENSMUSP00000076224		362663.ECP_4252
10090.ENSMUSP00000076225	362663.ECP_3254	
10090.ENSMUSP00000076232	362663.ECP_2597	
10090.ENSMUSP00000076267	362663.ECP_3642	
10090.ENSMUSP00000076433		362663.ECP_1629
10090.ENSMUSP00000076569	362663.ECP_0105	
10090.ENSMUSP00000076575		362663.ECP_3997
10090.ENSMUSP00000076589		362663.ECP_3168
10090.ENSMUSP00000076633	362663.ECP_0062	
10090.ENSMUSP00000076671	362663.ECP_4240	
10090.ENSMUSP00000076681	362663.ECP_3644	
10090.ENSMUSP00000076697	362663.ECP_2769	
10090.ENSMUSP00000076880	362663.ECP_4238	
10090.ENSMUSP00000076959	362663.ECP_1406	
10090.ENSMUSP00000076967	362663.ECP_1523	
10090.ENSMUSP00000076973	362663.ECP_3717	
10090.ENSMUSP00000077005	362663.ECP_0918	
10090.ENSMUSP00000077010	362663.ECP_0885	
10090.ENSMUSP00000077112	362663.ECP_1054	
10090.ENSMUSP00000077135	362663.ECP_0003	
10090.ENSMUSP00000077289		362663.ECP_0538
10090.ENSMUSP00000077314	362663.ECP_3205	
10090.ENSMUSP00000077384	362663.ECP_3667	
10090.ENSMUSP00000077400	362663.ECP_0064	
10090.ENSMUSP00000077405	362663.ECP_1839	
10090.ENSMUSP00000077414	362663.ECP_2450	
10090.ENSMUSP00000077436	362663.ECP_4488	
10090.ENSMUSP00000077467	362663.ECP_3669	
10090.ENSMUSP00000077517	362663.ECP_1873	
10090.ENSMUSP00000077542	362663.ECP_3688	
10090.ENSMUSP00000077611	362663.ECP_4171	
10090.ENSMUSP00000077632	362663.ECP_3687	
10090.ENSMUSP00000077635	362663.ECP_4443	
10090.ENSMUSP00000077662	362663.ECP_4442	
10090.ENSMUSP00000077760	362663.ECP_1091	
10090.ENSMUSP00000077813	362663.ECP_3936	
10090.ENSMUSP00000077819	362663.ECP_1271	
10090.ENSMUSP00000077948	362663.ECP_3670	
10090.ENSMUSP00000077962	362663.ECP_2345	
10090.ENSMUSP00000077966	362663.ECP_2303	
10090.ENSMUSP00000077990	362663.ECP_3671	
10090.ENSMUSP00000078119	362663.ECP_2072	
10090.ENSMUSP00000078132		362663.ECP_2951
10090.ENSMUSP00000078134		362663.ECP_2439
10090.ENSMUSP00000078138		362663.ECP_2826
10090.ENSMUSP00000078145	362663.ECP_0063	
10090.ENSMUSP00000078176	362663.ECP_3182	
10090.ENSMUSP00000078226	362663.ECP_3626	
10090.ENSMUSP00000078269		362663.ECP_4200
10090.ENSMUSP00000078279	362663.ECP_2855	
10090.ENSMUSP00000078339		362663.ECP_4240
10090.ENSMUSP00000078424	362663.ECP_1529	
10090.ENSMUSP00000078431	362663.ECP_4658	
10090.ENSMUSP00000078549	362663.ECP_4174	
10090.ENSMUSP00000078568	362663.ECP_2135	
10090.ENSMUSP00000078595	362663.ECP_1728	
10090.ENSMUSP00000078649	362663.ECP_3878	
10090.ENSMUSP00000078682		362663.ECP_0836
10090.ENSMUSP00000078700	362663.ECP_1727	
10090.ENSMUSP00000078706	362663.ECP_4767	
10090.ENSMUSP00000078720	362663.ECP_1421	
10090.ENSMUSP00000078733	362663.ECP_0886	
10090.ENSMUSP00000078739	362663.ECP_0075	
10090.ENSMUSP00000078740		362663.ECP_4658
10090.ENSMUSP00000078753	362663.ECP_3383	
10090.ENSMUSP00000078756	362663.ECP_4489	
10090.ENSMUSP00000078800	362663.ECP_2676	
10090.ENSMUSP00000078814	362663.ECP_1838	
10090.ENSMUSP00000078855	362663.ECP_3686	
10090.ENSMUSP00000078873	362663.ECP_3685	
10090.ENSMUSP00000078883	362663.ECP_3183	
10090.ENSMUSP00000078926	362663.ECP_4441	
10090.ENSMUSP00000078940		362663.ECP_2733
10090.ENSMUSP00000079180		362663.ECP_1997
10090.ENSMUSP00000079341	362663.ECP_1989	
10090.ENSMUSP00000079379		362663.ECP_1657
10090.ENSMUSP00000079380	362663.ECP_2510	
10090.ENSMUSP00000079400		362663.ECP_1025
10090.ENSMUSP00000079453	362663.ECP_3305	
10090.ENSMUSP00000079692		362663.ECP_4027
10090.ENSMUSP00000079703		362663.ECP_0169
10090.ENSMUSP00000079733		362663.ECP_0576
10090.ENSMUSP00000079888		362663.ECP_0105
10090.ENSMUSP00000080081		362663.ECP_2457
10090.ENSMUSP00000080159		362663.ECP_3091
10090.ENSMUSP00000080302		362663.ECP_2915
10090.ENSMUSP00000080414		362663.ECP_3721
10090.ENSMUSP00000080531		362663.ECP_2350
10090.ENSMUSP00000080736	362663.ECP_0488	
10090.ENSMUSP00000080991		362663.ECP_2685
10090.ENSMUSP00000080992		362663.ECP_2315
10090.ENSMUSP00000080998		362663.ECP_2327
10090.ENSMUSP00000081000		362663.ECP_2316
10090.ENSMUSP00000081001		362663.ECP_2317
10090.ENSMUSP00000081141		362663.ECP_0062
10090.ENSMUSP00000081416	362663.ECP_0481	
10090.ENSMUSP00000081544		362663.ECP_0031
10090.ENSMUSP00000081664	362663.ECP_3222	
10090.ENSMUSP00000081745		362663.ECP_0769
10090.ENSMUSP00000082288		362663.ECP_2625
10090.ENSMUSP00000082354		362663.ECP_1279
10090.ENSMUSP00000082856		362663.ECP_0463
10090.ENSMUSP00000082895	362663.ECP_2398	
10090.ENSMUSP00000083077	362663.ECP_2380	
10090.ENSMUSP00000083192		362663.ECP_4201
10090.ENSMUSP00000083375		362663.ECP_4081
10090.ENSMUSP00000083583	362663.ECP_2641	
10090.ENSMUSP00000083611	362663.ECP_1117	
10090.ENSMUSP00000083652		362663.ECP_0531
10090.ENSMUSP00000083666		362663.ECP_3729
10090.ENSMUSP00000084055		362663.ECP_1900
10090.ENSMUSP00000084252	362663.ECP_1110	
10090.ENSMUSP00000084805		362663.ECP_3642
10090.ENSMUSP00000084823		362663.ECP_2753
10090.ENSMUSP00000084882		362663.ECP_2877
10090.ENSMUSP00000084959		362663.ECP_4765
10090.ENSMUSP00000085293	362663.ECP_1682	
10090.ENSMUSP00000085400		362663.ECP_4169
10090.ENSMUSP00000085523		362663.ECP_2318
10090.ENSMUSP00000085591		362663.ECP_2874
10090.ENSMUSP00000085674		362663.ECP_3316
10090.ENSMUSP00000085867		362663.ECP_3831
10090.ENSMUSP00000086383	362663.ECP_2785	
10090.ENSMUSP00000086485		362663.ECP_2510
10090.ENSMUSP00000086640		362663.ECP_1627
10090.ENSMUSP00000086731	362663.ECP_0969	
10090.ENSMUSP00000086796		362663.ECP_2442
10090.ENSMUSP00000087192		362663.ECP_3964
10090.ENSMUSP00000087371		362663.ECP_1248
10090.ENSMUSP00000087405	362663.ECP_3720	362663.ECP_2193
10090.ENSMUSP00000087485	362663.ECP_4169	
10090.ENSMUSP00000087525	362663.ECP_1684	
10090.ENSMUSP00000087608		362663.ECP_4172
10090.ENSMUSP00000087925	362663.ECP_2737	
10090.ENSMUSP00000087974		362663.ECP_3930
10090.ENSMUSP00000088029		362663.ECP_3934
10090.ENSMUSP00000088174	362663.ECP_1795	
10090.ENSMUSP00000088249		362663.ECP_0408
10090.ENSMUSP00000088676		362663.ECP_0798
10090.ENSMUSP00000088736		362663.ECP_3979
10090.ENSMUSP00000088845		362663.ECP_2105
10090.ENSMUSP00000089097		362663.ECP_4273
10090.ENSMUSP00000089544	362663.ECP_3721	
10090.ENSMUSP00000089936	362663.ECP_3228	
10090.ENSMUSP00000089979		362663.ECP_2285
10090.ENSMUSP00000090005	362663.ECP_2716	
10090.ENSMUSP00000090564		362663.ECP_4134
10090.ENSMUSP00000090567	362663.ECP_1786	
10090.ENSMUSP00000090647		362663.ECP_1532
10090.ENSMUSP00000090884	362663.ECP_4437	
10090.ENSMUSP00000091041		362663.ECP_4274
10090.ENSMUSP00000091181		362663.ECP_2862
10090.ENSMUSP00000091940	362663.ECP_0004	
10090.ENSMUSP00000092038		362663.ECP_2640
10090.ENSMUSP00000092163	362663.ECP_3476	
10090.ENSMUSP00000092216		362663.ECP_3693
10090.ENSMUSP00000092233		362663.ECP_3917
10090.ENSMUSP00000092384	362663.ECP_3091	
10090.ENSMUSP00000092746		362663.ECP_2319
10090.ENSMUSP00000093040	362663.ECP_3616	
10090.ENSMUSP00000093043	362663.ECP_4398	
10090.ENSMUSP00000093044	362663.ECP_4134	
10090.ENSMUSP00000093200	362663.ECP_0479	
10090.ENSMUSP00000093311	362663.ECP_2439	
10090.ENSMUSP00000093316	362663.ECP_1330	
10090.ENSMUSP00000093393		362663.ECP_4056
10090.ENSMUSP00000093615		362663.ECP_2430
10090.ENSMUSP00000093713		362663.ECP_3935
10090.ENSMUSP00000093939	362663.ECP_0983	
10090.ENSMUSP00000093980	362663.ECP_1352	
10090.ENSMUSP00000094869		362663.ECP_0929
10090.ENSMUSP00000095253	362663.ECP_0069	
10090.ENSMUSP00000095316		362663.ECP_2490
10090.ENSMUSP00000095574		362663.ECP_2298
10090.ENSMUSP00000095597	362663.ECP_2440	
10090.ENSMUSP00000095901		362663.ECP_2296
10090.ENSMUSP00000095929	362663.ECP_1025	
10090.ENSMUSP00000095970		362663.ECP_2362
10090.ENSMUSP00000096122	362663.ECP_0984	
10090.ENSMUSP00000096129		362663.ECP_0914
10090.ENSMUSP00000096547		362663.ECP_2205
10090.ENSMUSP00000096670		362663.ECP_0839
10090.ENSMUSP00000096705		362663.ECP_4104
10090.ENSMUSP00000096753		362663.ECP_1546
10090.ENSMUSP00000096777		362663.ECP_4343
10090.ENSMUSP00000096847	362663.ECP_1126	
10090.ENSMUSP00000096930	362663.ECP_3065	
10090.ENSMUSP00000097108	362663.ECP_4203	
10090.ENSMUSP00000097112		362663.ECP_0731
10090.ENSMUSP00000097442		362663.ECP_4228
10090.ENSMUSP00000097479	362663.ECP_1001	
10090.ENSMUSP00000097547		362663.ECP_0575
10090.ENSMUSP00000097572	362663.ECP_2829	362663.ECP_2948
10090.ENSMUSP00000097623	362663.ECP_4273	
10090.ENSMUSP00000097770		362663.ECP_2073
10090.ENSMUSP00000097792		362663.ECP_2299
10090.ENSMUSP00000098419	362663.ECP_2442	
10090.ENSMUSP00000098680	362663.ECP_3055	
10090.ENSMUSP00000098768		362663.ECP_3057
10090.ENSMUSP00000098796		362663.ECP_4177
10090.ENSMUSP00000099423	362663.ECP_4509	
10090.ENSMUSP00000099482	362663.ECP_1799	
10090.ENSMUSP00000099514		362663.ECP_3489
10090.ENSMUSP00000099534		362663.ECP_0266
10090.ENSMUSP00000099599		362663.ECP_0770
10090.ENSMUSP00000099657		362663.ECP_4040
10090.ENSMUSP00000099685		362663.ECP_0907
10090.ENSMUSP00000099700		362663.ECP_3207
10090.ENSMUSP00000099708		362663.ECP_4164
10090.ENSMUSP00000099710	362663.ECP_4006	
10090.ENSMUSP00000099716	362663.ECP_1679	
10090.ENSMUSP00000099756		362663.ECP_1255
10090.ENSMUSP00000099757		362663.ECP_1712
10090.ENSMUSP00000099794	362663.ECP_1761	
10090.ENSMUSP00000099816		362663.ECP_0921
10090.ENSMUSP00000099904		362663.ECP_4499
10090.ENSMUSP00000099916		362663.ECP_1795
10090.ENSMUSP00000099939		362663.ECP_1369
10090.ENSMUSP00000099944		362663.ECP_0852
10090.ENSMUSP00000099950		362663.ECP_3717
10090.ENSMUSP00000099984		362663.ECP_3920
10090.ENSMUSP00000099986		362663.ECP_0170
10090.ENSMUSP00000099989		362663.ECP_3725
10090.ENSMUSP00000100038		362663.ECP_1329
10090.ENSMUSP00000100045		362663.ECP_1680
10090.ENSMUSP00000100599		362663.ECP_2738
10090.ENSMUSP00000100979	362663.ECP_3656	
10090.ENSMUSP00000101159		362663.ECP_1955
10090.ENSMUSP00000101236	362663.ECP_0627	
10090.ENSMUSP00000101315	362663.ECP_1809	
10090.ENSMUSP00000102009	362663.ECP_2288	
10090.ENSMUSP00000102056		362663.ECP_3980
10090.ENSMUSP00000102296		362663.ECP_4105
10090.ENSMUSP00000102630		362663.ECP_1006
10090.ENSMUSP00000102635		362663.ECP_1011
10090.ENSMUSP00000103007		362663.ECP_0125
10090.ENSMUSP00000103012		362663.ECP_0740
10090.ENSMUSP00000103049		362663.ECP_1232
10090.ENSMUSP00000103267		362663.ECP_1617
10090.ENSMUSP00000103378	362663.ECP_4135	
10090.ENSMUSP00000103671	362663.ECP_1248	
10090.ENSMUSP00000103869	362663.ECP_2281	
10090.ENSMUSP00000103940		362663.ECP_2732
10090.ENSMUSP00000103965		362663.ECP_3994
10090.ENSMUSP00000104067		362663.ECP_2445
10090.ENSMUSP00000104168	362663.ECP_3542	
10090.ENSMUSP00000104287	362663.ECP_0769	
10090.ENSMUSP00000104298	362663.ECP_1715	362663.ECP_1786
10090.ENSMUSP00000104301		362663.ECP_0412
10090.ENSMUSP00000104532		362663.ECP_3340
10090.ENSMUSP00000104936		362663.ECP_3060
10090.ENSMUSP00000105397		362663.ECP_2737
10090.ENSMUSP00000105567		362663.ECP_3570
10090.ENSMUSP00000105663	362663.ECP_4056	
10090.ENSMUSP00000105709	362663.ECP_1233	
10090.ENSMUSP00000105743	362663.ECP_0524	
10090.ENSMUSP00000105796		362663.ECP_2320
10090.ENSMUSP00000106002		362663.ECP_1414
10090.ENSMUSP00000106025	362663.ECP_3046	
10090.ENSMUSP00000106137	362663.ECP_4333	
10090.ENSMUSP00000106180		362663.ECP_4233
10090.ENSMUSP00000106318		362663.ECP_2336
10090.ENSMUSP00000106724	362663.ECP_2752	
10090.ENSMUSP00000106906	362663.ECP_1528	
10090.ENSMUSP00000106934		362663.ECP_0064
10090.ENSMUSP00000107069	362663.ECP_3931	
10090.ENSMUSP00000107284		362663.ECP_2186
10090.ENSMUSP00000107498	362663.ECP_0668	
10090.ENSMUSP00000107576	362663.ECP_2926	
10090.ENSMUSP00000107850	362663.ECP_0090	362663.ECP_3383
10090.ENSMUSP00000108143		362663.ECP_0164
10090.ENSMUSP00000108148		362663.ECP_2959
10090.ENSMUSP00000108734		362663.ECP_0590
10090.ENSMUSP00000108895		362663.ECP_1809
10090.ENSMUSP00000109064	362663.ECP_3675	
10090.ENSMUSP00000109271		362663.ECP_0192
10090.ENSMUSP00000109288		362663.ECP_3928
10090.ENSMUSP00000109299	362663.ECP_3718	
10090.ENSMUSP00000109389		362663.ECP_2528
10090.ENSMUSP00000109687		362663.ECP_0218
10090.ENSMUSP00000110006		362663.ECP_1642
10090.ENSMUSP00000110013		362663.ECP_2446
10090.ENSMUSP00000110158		362663.ECP_1508
10090.ENSMUSP00000110221	362663.ECP_0417	
10090.ENSMUSP00000110286		362663.ECP_3877
10090.ENSMUSP00000110371	362663.ECP_2914	
10090.ENSMUSP00000110447		362663.ECP_2475
10090.ENSMUSP00000110531		362663.ECP_2447
10090.ENSMUSP00000110547		362663.ECP_3932
10090.ENSMUSP00000110563	362663.ECP_0465	
10090.ENSMUSP00000110611	362663.ECP_0685	
10090.ENSMUSP00000110748		362663.ECP_4364
10090.ENSMUSP00000111391	362663.ECP_0467	
10090.ENSMUSP00000111568	362663.ECP_2315	
10090.ENSMUSP00000112116		362663.ECP_3908
10090.ENSMUSP00000112221	362663.ECP_1279	
10090.ENSMUSP00000112277		362663.ECP_3731
10090.ENSMUSP00000112320		362663.ECP_2322
10090.ENSMUSP00000112436	362663.ECP_4063	
10090.ENSMUSP00000112717		362663.ECP_2786
10090.ENSMUSP00000113022		362663.ECP_3936
10090.ENSMUSP00000113213		362663.ECP_2783
10090.ENSMUSP00000113388		362663.ECP_0221
10090.ENSMUSP00000113672		362663.ECP_2438
10090.ENSMUSP00000113726		362663.ECP_3302
10090.ENSMUSP00000114095		362663.ECP_2326
10090.ENSMUSP00000114272		362663.ECP_0792
10090.ENSMUSP00000114963		362663.ECP_2743
10090.ENSMUSP00000115356		362663.ECP_2467
10090.ENSMUSP00000115750		362663.ECP_0670
10090.ENSMUSP00000116426	362663.ECP_2322	
10090.ENSMUSP00000117022	362663.ECP_3434	362663.ECP_3102
10090.ENSMUSP00000117030		362663.ECP_4125
10090.ENSMUSP00000117040	362663.ECP_1552	
10090.ENSMUSP00000118458	362663.ECP_2743	
10090.ENSMUSP00000118610		362663.ECP_2284
10090.ENSMUSP00000118776		362663.ECP_2088
10090.ENSMUSP00000119246	362663.ECP_3527	
10090.ENSMUSP00000119564		362663.ECP_3688
10090.ENSMUSP00000119606		362663.ECP_1566
10090.ENSMUSP00000120421		362663.ECP_0399
10090.ENSMUSP00000120528		362663.ECP_2448
10090.ENSMUSP00000120632		362663.ECP_4218
10090.ENSMUSP00000120976		362663.ECP_3337
10090.ENSMUSP00000121007	362663.ECP_2587	
10090.ENSMUSP00000121125		362663.ECP_2224
10090.ENSMUSP00000121266	362663.ECP_3045	
10090.ENSMUSP00000121557		362663.ECP_2324
10090.ENSMUSP00000121973		362663.ECP_1331
10090.ENSMUSP00000122072	362663.ECP_2252	
10090.ENSMUSP00000122403		362663.ECP_4048
10090.ENSMUSP00000122552		362663.ECP_0181
10090.ENSMUSP00000123590		362663.ECP_4508
10090.ENSMUSP00000123799		362663.ECP_4173
10090.ENSMUSP00000124066		362663.ECP_4203
10090.ENSMUSP00000124131		362663.ECP_2597
10090.ENSMUSP00000124376	362663.ECP_3524	
10090.ENSMUSP00000124963	362663.ECP_2783	
10090.ENSMUSP00000125251		362663.ECP_2864
10090.ENSMUSP00000125502		362663.ECP_4074
10090.ENSMUSP00000125504		362663.ECP_3937
10090.ENSMUSP00000125722		362663.ECP_1580
10090.ENSMUSP00000126448		362663.ECP_2750
10090.ENSMUSP00000126598	362663.ECP_1937	
10090.ENSMUSP00000126603		362663.ECP_2520
10090.ENSMUSP00000126762	362663.ECP_0536	
10090.ENSMUSP00000127325		362663.ECP_4260
10090.ENSMUSP00000127374		362663.ECP_4442
10090.ENSMUSP00000127526		362663.ECP_1131
10090.ENSMUSP00000127566		362663.ECP_3746
10090.ENSMUSP00000127774		362663.ECP_4344
10090.ENSMUSP00000127851		362663.ECP_0803
10090.ENSMUSP00000127885		362663.ECP_4243
10090.ENSMUSP00000127888		362663.ECP_4038
10090.ENSMUSP00000127995		362663.ECP_1091
10090.ENSMUSP00000128209		362663.ECP_0410
10090.ENSMUSP00000128260		362663.ECP_4768
10090.ENSMUSP00000128401		362663.ECP_4554
10090.ENSMUSP00000128661		362663.ECP_4360
10090.ENSMUSP00000128871	362663.ECP_3412	
10090.ENSMUSP00000128941		362663.ECP_1039
10090.ENSMUSP00000129122		362663.ECP_2716
10090.ENSMUSP00000129157		362663.ECP_4755
10090.ENSMUSP00000129181	362663.ECP_0823	
10090.ENSMUSP00000129491	362663.ECP_1707	
10090.ENSMUSP00000129565		362663.ECP_4112
10090.ENSMUSP00000130092	362663.ECP_0789	
10090.ENSMUSP00000130194		362663.ECP_1839
10090.ENSMUSP00000130294		362663.ECP_1406
10090.ENSMUSP00000130532		362663.ECP_2744
10090.ENSMUSP00000130858		362663.ECP_4128
10090.ENSMUSP00000130898		362663.ECP_2660
10090.ENSMUSP00000130930		362663.ECP_2500
10090.ENSMUSP00000130941		362663.ECP_2909
10090.ENSMUSP00000131163		362663.ECP_0132
10090.ENSMUSP00000131503		362663.ECP_1009
10090.ENSMUSP00000131624		362663.ECP_2897
10090.ENSMUSP00000131676		362663.ECP_4126
10090.ENSMUSP00000132065		362663.ECP_3510
10090.ENSMUSP00000132102		362663.ECP_2875
10090.ENSMUSP00000132186		362663.ECP_2641
10090.ENSMUSP00000132190		362663.ECP_1694
10090.ENSMUSP00000132547	362663.ECP_4112	
10090.ENSMUSP00000132590	362663.ECP_0978	
10090.ENSMUSP00000132780		362663.ECP_0027
10090.ENSMUSP00000133154		362663.ECP_2872
10090.ENSMUSP00000133694	362663.ECP_1120	362663.ECP_0795
10090.ENSMUSP00000133736		362663.ECP_3626
10090.ENSMUSP00000134112		362663.ECP_1480
10090.ENSMUSP00000134177	362663.ECP_0869	362663.ECP_2761
10090.ENSMUSP00000134303		362663.ECP_3962
10090.ENSMUSP00000134894		362663.ECP_1838
10090.ENSMUSP00000135956		362663.ECP_1894
10090.ENSMUSP00000135960		362663.ECP_0462
10090.ENSMUSP00000136035		362663.ECP_1861
10090.ENSMUSP00000136313		362663.ECP_3511
10090.ENSMUSP00000136537		362663.ECP_3938
10090.ENSMUSP00000136544		362663.ECP_2824
10090.ENSMUSP00000136588		362663.ECP_1008
10090.ENSMUSP00000136734		362663.ECP_3259
10090.ENSMUSP00000136869		362663.ECP_3933
10090.ENSMUSP00000136944		362663.ECP_2268
10090.ENSMUSP00000137025		362663.ECP_3523
10090.ENSMUSP00000137135		362663.ECP_1256
10090.ENSMUSP00000137194		362663.ECP_3982
10090.ENSMUSP00000137353	362663.ECP_1311	
10090.ENSMUSP00000137380	362663.ECP_2307	
10090.ENSMUSP00000137421		362663.ECP_4509
10090.ENSMUSP00000137467		362663.ECP_0743
10090.ENSMUSP00000137477		362663.ECP_4766
10090.ENSMUSP00000138081		362663.ECP_1727
source	source	
target	target	
